tipo_elem,distrito,id,id_cruce,fecha_inst,longitud,latitud
3100Bici,15,52384,1445,26/01/1996,-3.65501336413727,40.42334743167040
2200PeatonBici,17,58075,4722,,-3.70533607743895,40.35278912654800
2200PeatonBici,8,222,1530,08/06/1998,-3.68552008731072,40.5049011833551
2200PeatonBici,8,225,2027,17/09/2007,-3.69480854152804,40.50633588732770
2200PeatonBici,8,226,2027,17/09/2007,-3.6947302377334,40.50629686766130
2200PeatonBici,14,1246,1040,18/12/1981,-3.64135520483763,40.41008749638680
2200PeatonBici,14,1247,1040,18/12/1981,-3.64149148196022,40.41009157678540
2200PeatonBici,17,58087,4722,,-3.7053225752604,40.35190043967160
2200PeatonBici,1,1793,116,14/03/1964,-3.70872543836401,40.4160182703998
3200Bici,6,58098,108,,-3.68998854989671,40.46205435570490
3200Bici,6,58099,108,,-3.69006020808555,40.46210550490260
3100Bici,6,58100,108,,-3.69033309002694,40.46202662791520
2200PeatonBici,6,58463,114,,-3.68978103540709,40.46533025277560
3200Bici,8,59085,1173,,-3.70903007478081,40.48079439230410
3200Bici,8,59088,1173,,-3.70892893887446,40.48085362318780
3200Bici,14,6006,599,26/10/1973,-3.65509948565063,40.41059041054070
3200Bici,14,6010,599,26/10/1973,-3.65585324935311,40.41055247955550
3200Bici,14,6017,642,02/12/1974,-3.65225289709081,40.41042029805790
3200Bici,14,6060,675,20/10/1975,-3.64740271696513,40.40889507440330
3200Bici,14,6093,676,20/10/1975,-3.64529594891034,40.40835643749160
2200PeatonBici,8,221,1530,08/06/1998,-3.68544292750865,40.50490215220500
2200PeatonBici,8,227,2026,17/09/2007,-3.69583596443391,40.50683487645230
2200PeatonBici,8,228,2026,17/09/2007,-3.69576018290713,40.50679621306160
2200PeatonBici,14,1190,1742,30/01/2003,-3.62965940520173,40.41037624444020
2200PeatonBici,14,1191,1742,30/01/2003,-3.62971683164061,40.41039296494930
2200PeatonBici,14,1192,1742,30/01/2003,-3.62978624094494,40.41041596351730
2200PeatonBici,14,1193,1742,30/01/2003,-3.62984139753381,40.41043223463860
2200PeatonBici,14,1194,1742,30/01/2003,-3.62996974528718,40.41063668378980
2200PeatonBici,14,1195,1742,30/01/2003,-3.62994981873697,40.41056627320420
2200PeatonBici,20,3361,663,25/05/1975,-3.62805579882873,40.42390298322740
2200PeatonBici,20,3362,663,25/05/1975,-3.62797352029074,40.42393454561080
2200PeatonBici,20,3367,569,22/05/1973,-3.62636768434368,40.42226672977620
2200PeatonBici,20,3452,681,05/12/1975,-3.62543317989878,40.4205931761912
2200PeatonBici,20,3453,681,05/12/1975,-3.62548159927089,40.42050923327200
2200PeatonBici,20,3454,681,05/12/1975,-3.62556971194226,40.42047268787320
2200PeatonBici,20,3456,681,05/12/1975,-3.62559865214541,40.42035138483760
2200PeatonBici,2,31177,4553,07/02/1997,-3.70193820053349,40.39607414368170
2200PeatonBici,2,31178,4553,07/02/1997,-3.70201774324445,40.39599497682680
3200Bici,11,53833,320,16/09/1968,-3.72782837873054,40.38637281004130
3200Bici,2,663,413,26/02/2018,-3.69896485846833,40.39379691436370
3100Bici,1,1857,385,04/02/2019,-3.69804393215415,40.41183925558300
2200PeatonBici,2,846,602,17/12/1973,-3.69618627143871,40.40104138969760
2200PeatonBici,2,847,602,17/12/1973,-3.69611939092627,40.4010367209295
3200Bici,9,5277,100,27/02/1962,-3.71189928403312,40.4242942901582
3200Bici,2,4294,776,01/01/1978,-3.72049824752798,40.40384739125040
3200Bici,1,5264,176,03/06/2019,-3.70919047059826,40.4242240155854
3200Bici,1,5309,510,25/05/1972,-3.71319588725025,40.42173195656920
2200Bici,2,43282,1433,25/05/2015,-3.70688616080195,40.40157328726370
2200Bici,11,50588,1913,11/11/2005,-3.74327570145657,40.38241889467880
2200Bici,10,52637,242,06/11/2014,-3.72390122541131,40.41412296826310
2200PeatonBici,17,55149,4550,,-3.70403036219299,40.35617049422140
3200Bici,14,1129,1344,29/10/1992,-3.64332277816271,40.40898341015460
3200Bici,14,6019,642,02/12/1974,-3.65234692919383,40.41021172406800
2200PeatonBici,8,223,2025,02/03/2021,-3.69711713838962,40.50744883525840
2200PeatonBici,8,224,2025,17/09/2007,-3.69699283782824,40.50738898432000
2200PeatonBici,14,1248,1040,18/12/1981,-3.64164279717111,40.40956619141420
2200PeatonBici,14,1249,1040,18/12/1981,-3.64168107460241,40.40961989744820
3200Bici,14,6000,599,26/10/1973,-3.65585853542562,40.4108161657961
3200Bici,14,6024,642,02/12/1974,-3.6527053193077,40.41029410366470
2200PeatonBici,2,31236,342,03/07/2024,-3.69554433539749,40.39157834631550
2200PeatonBici,2,51388,2209,17/02/2015,-3.70562939837489,40.39727850817940
2200PeatonBici,1,57561,28,,-3.69533296019125,40.41885558973280
3200Bici,7,53365,251,21/10/1967,-3.69790393534088,40.43271794554260
3200Bici,2,56376,856,01/01/1978,-3.71488858485609,40.40071142222340
3200Bici,5,57476,4655,,-3.68187919742752,40.44146453928140
3200Bici,14,6004,599,26/10/1973,-3.65500689102616,40.41081410492750
3200Bici,14,55457,676,,-3.64538350182567,40.40830031933830
3200Bici,3,14419,106,23/04/2018,-3.67455418998899,40.40134302378410
2200Bici,6,58259,109,04/05/2020,-3.69049187394961,40.45853231649490
2200Bici,6,58262,109,30/12/1963,-3.69054651726809,40.45853669970950
2200Bici,6,58476,109,,-3.69077685659448,40.45895926766630
2200PeatonBici,20,3451,681,05/12/1975,-3.62535966333534,40.42063103306150
2200Bici,6,58477,109,,-3.69077458568776,40.45920780307630
3200Bici,14,6065,675,20/10/1975,-3.64793390846464,40.40886480984
3200Bici,14,6068,570,23/05/1973,-3.64991982354434,40.40976024359780
2200Bici,2,43283,1433,25/05/2015,-3.70673509160705,40.40152240363020
3200Bici,17,15957,1765,07/08/2003,-3.693428928411,40.34570181867990
2200PeatonBici,20,49519,1984,27/02/2007,-3.60799231024558,40.43435777836000
3200Bici,7,53230,480,30/11/1971,-3.69925556544425,40.43584255555900
3200Bici,7,53346,476,25/11/1971,-3.69896407186766,40.43527771947080
3200Bici,7,19050,476,18/04/2017,-3.69867306758033,40.43464165321180
3200Bici,7,19068,247,25/03/2017,-3.69949086796448,40.43656746943460
3200Bici,7,19112,1236,07/04/2017,-3.69812442928385,40.43337730084120
3200Bici,7,53225,251,21/10/1967,-3.69765989114822,40.43217421784480
3200Bici,7,53375,79,01/01/1960,-3.70041082836883,40.4386397562328
3200Bici,7,19412,234,12/07/1967,-3.69708707461628,40.43097173747620
3200Bici,7,19414,234,05/04/2017,-3.69704158031653,40.43076693692170
3200Bici,7,19543,235,28/04/2017,-3.69656425619592,40.42964983666900
3200Bici,7,19824,280,07/06/2017,-3.70227558010213,40.44301557294550
3200Bici,7,53437,188,06/09/1966,-3.70181156206391,40.44187845305370
3200Bici,7,19840,472,20/05/2017,-3.70118089299247,40.44047890206950
2200PeatonBici,20,56089,10026,,-3.60352041019245,40.43389637009620
2200PeatonBici,20,56090,10026,,-3.60348608797248,40.43395391269580
2200PeatonBici,20,56091,10026,,-3.60346772874251,40.43398587710280
2200PeatonBici,20,56092,10026,,-3.60344115270254,40.43403175659810
3200Bici,7,20925,281,10/06/2017,-3.70272900156453,40.44406589061740
3200Bici,7,53458,279,09/01/1968,-3.70331034021759,40.44528248206270
2200PeatonBici,7,21033,279,22/06/2017,-3.70340880567191,40.44545222486670
2200PeatonBici,7,21047,280,21/06/2017,-3.70244114008246,40.44324422303270
2200PeatonBici,4,21087,22,01/01/1960,-3.68873526967104,40.42059983029140
2200PeatonBici,4,21088,22,01/01/1960,-3.6885902995486,40.42058343997070
2200PeatonBici,2,56173,1839,,-3.71904393711215,40.40163500215900
2200PeatonBici,2,56174,1839,,-3.71890791299205,40.40164585937100
3200Bici,11,21643,927,11/10/1979,-3.73059620417595,40.3880295246504
3200Bici,11,21671,598,21/12/2014,-3.72960188371789,40.38721486857530
3200Bici,11,21698,320,16/09/1968,-3.72749443002957,40.38622468350390
3200Bici,11,21729,346,12/04/1969,-3.72370093236008,40.38548421160590
3200Bici,11,21733,346,03/01/2015,-3.72337364115489,40.38543729912190
3200Bici,11,21738,647,29/01/1975,-3.72160992415326,40.38527815670850
3200Bici,11,22096,2272,09/08/2017,-3.71899646910415,40.38525975210540
3200Bici,3,24139,106,20/09/2017,-3.6749486290976,40.40092141047830
3200Bici,6,24441,306,04/12/2014,-3.69520612583074,40.45224081167610
2200PeatonBici,1,57557,28,,-3.69538361957121,40.4190018067297
2200PeatonBici,1,57559,28,,-3.69534852997323,40.41890194663670
2200PeatonBici,1,26485,39,01/01/1960,-3.71061823012477,40.42330482981950
2200PeatonBici,8,26747,988,19/05/2020,-3.71231818286477,40.48010652239910
2200PeatonBici,6,27323,4667,19/02/2015,-3.69806298347088,40.45241896150550
2200PeatonBici,6,27324,4667,19/02/2015,-3.69810224610836,40.45242167354200
2200PeatonBici,6,27327,795,01/01/1978,-3.69935766193895,40.45250245156170
2200PeatonBici,8,27494,1083,04/05/2020,-3.70468862504775,40.48240310349080
2200PeatonBici,8,27498,1083,04/05/2020,-3.70456869346553,40.48215593958610
2200PeatonBici,8,27500,1083,04/05/2020,-3.70451196419201,40.48206408575970
2200PeatonBici,8,27502,1083,04/05/2020,-3.70463902823051,40.48183897498800
2200PeatonBici,8,27503,1083,04/05/2020,-3.70478045437523,40.48180743516430
2200PeatonBici,8,27506,1083,04/05/2020,-3.70590837951429,40.48211638843090
2200PeatonBici,8,27509,1083,04/05/2020,-3.70579584989317,40.48180681518700
2200PeatonBici,8,27511,1083,04/05/2020,-3.70576024759926,40.48170988094630
2200PeatonBici,8,27512,1083,04/05/2020,-3.70549667360977,40.48157672525790
2200PeatonBici,8,27513,1083,04/05/2020,-3.70535623665371,40.48160579758360
2200PeatonBici,8,27515,1083,04/05/2020,-3.70565964423603,40.48143244063620
2200PeatonBici,8,27521,1083,04/05/2020,-3.70438592999169,40.48177231679670
2200PeatonBici,8,27534,1173,28/04/1989,-3.70935843856398,40.48076318000390
2200PeatonBici,8,27535,1173,21/04/2019,-3.70943051701937,40.48074726639930
2200PeatonBici,8,27536,1173,21/04/2019,-3.70984257003791,40.48085097876640
2200PeatonBici,8,27537,1173,28/04/1989,-3.70986829933324,40.48091265761090
2200PeatonBici,8,27538,1173,28/04/1989,-3.70987938237584,40.48094666466850
2200PeatonBici,8,27539,1173,21/04/2019,-3.70991526254858,40.48103024242290
2200PeatonBici,8,27542,1172,11/05/2020,-3.6999440792155,40.4840991407788
2200PeatonBici,8,27543,1172,11/05/2020,-3.6999520468607,40.48411226972820
2200PeatonBici,8,27545,1172,29/05/2020,-3.69980617371562,40.48428944482410
2200PeatonBici,8,27552,1172,19/05/2020,-3.69991294101557,40.48383376734950
2200PeatonBici,8,27553,1172,19/05/2020,-3.69987761229709,40.48377270955440
2200PeatonBici,8,27554,1172,28/04/1989,-3.69985760480791,40.48374044530950
2200PeatonBici,8,27555,1172,11/05/2020,-3.69982476365406,40.48368548890500
2200PeatonBici,8,27556,1172,11/05/2020,-3.69953056728738,40.48352350360700
2200PeatonBici,8,27557,1172,11/05/2020,-3.69950447307418,40.4834812775297
2200PeatonBici,8,27559,1172,11/05/2020,-3.69903531558688,40.48365662481820
2200PeatonBici,8,27561,1172,11/05/2020,-3.69916145028078,40.48336062577620
3200Bici,1,57562,28,,-3.69537043775902,40.41883308755560
2200PeatonBici,7,27688,188,15/06/2017,-3.7019446831408,40.44198318511600
2200PeatonBici,7,27689,188,03/06/2017,-3.70198662825251,40.44208747034580
3200Bici,1,57563,28,,-3.69529959412478,40.41888641283360
2200PeatonBici,6,28019,109,30/12/1963,-3.6892352426761,40.45888066277560
2200PeatonBici,6,28020,109,30/12/1963,-3.68923049138046,40.45897913963140
2200PeatonBici,6,28021,109,04/05/2020,-3.68922750778971,40.45901342346110
2200PeatonBici,6,28022,109,04/05/2020,-3.68921241164779,40.45911424874350
2200PeatonBici,6,28023,109,04/05/2020,-3.68941141528608,40.45947259403530
2200PeatonBici,6,28024,109,04/05/2020,-3.68945008800101,40.45947477053710
2200PeatonBici,6,28033,109,04/05/2020,-3.68975867480976,40.45960372370020
2200PeatonBici,6,28034,109,04/05/2020,-3.68978768235058,40.45960586436930
2200PeatonBici,6,28035,109,30/12/1963,-3.68983323402095,40.45960825477100
2200PeatonBici,6,28036,109,04/05/2020,-3.69009224181235,40.45962031639880
2200PeatonBici,6,28037,109,04/05/2020,-3.69014703299685,40.45962348529950
2200PeatonBici,6,28038,109,04/05/2020,-3.69017256441375,40.45962445704080
2200PeatonBici,6,28045,109,04/05/2020,-3.69028582832253,40.45848956898240
2200PeatonBici,6,28046,109,04/05/2020,-3.6902529310652,40.45848580714370
2200PeatonBici,6,28047,109,04/05/2020,-3.690208071545,40.4584845185752
2200PeatonBici,6,28048,109,04/05/2020,-3.68994339071734,40.45847206022620
2200PeatonBici,6,28049,109,04/05/2020,-3.68989191514147,40.45846939746780
2200PeatonBici,6,28050,109,04/05/2020,-3.68986375154732,40.45846774986450
2200PeatonBici,6,28067,108,23/08/2019,-3.69028778764481,40.4620991820644
2200PeatonBici,6,28070,108,23/08/2019,-3.69016318624841,40.46202959342180
2200PeatonBici,6,28071,108,23/08/2019,-3.69009948805524,40.46202556110840
2200PeatonBici,6,28072,108,23/08/2019,-3.68994165587176,40.46201577621240
2200PeatonBici,6,28073,108,30/12/1963,-3.68990257949933,40.46201239098610
2200PeatonBici,6,28074,108,30/12/1963,-3.6898581350907,40.46200990968700
2200PeatonBici,6,28075,108,30/12/1963,-3.68960697074505,40.46199483994400
2200PeatonBici,6,28076,108,30/12/1963,-3.68956197586843,40.46199227882050
2200PeatonBici,6,28077,108,23/08/2019,-3.68952283401363,40.46198829320700
2200PeatonBici,6,28078,108,23/08/2019,-3.68917546417532,40.46183588485030
2200PeatonBici,6,28250,1714,13/08/2019,-3.69091115239786,40.45448800687680
2200PeatonBici,6,28307,1049,19/08/2016,-3.69061325270552,40.45774641842690
2200PeatonBici,6,28316,111,31/08/2014,-3.68972010394523,40.4562564474981
2200PeatonBici,6,28319,111,31/08/2014,-3.69071883603107,40.45644223636230
2200PeatonBici,6,28331,111,31/08/2014,-3.68975521364114,40.45587335303500
2200PeatonBici,16,28734,4651,13/06/1995,-3.6245198295481,40.46263220289720
2200PeatonBici,16,28735,4651,13/06/1995,-3.62451946384206,40.4625342435526
2200PeatonBici,21,28751,1295,18/12/1991,-3.61657553941537,40.45956065423330
2200PeatonBici,16,28786,1509,10/12/1997,-3.61785689473934,40.45718625276410
2200PeatonBici,16,28787,1509,10/12/1997,-3.61796520329475,40.45706832212830
2200PeatonBici,16,28788,1267,21/05/1991,-3.61802143539066,40.45763495386500
2200PeatonBici,16,28789,1267,21/05/1991,-3.61794924513398,40.45760399700680
2200PeatonBici,16,28790,1267,21/05/1991,-3.61777862303875,40.45751963444350
2200PeatonBici,16,28791,1267,21/05/1991,-3.61769818108447,40.45748241234640
2200PeatonBici,16,28796,1267,21/05/1991,-3.61676381556398,40.45864829092040
2200PeatonBici,16,28799,1267,21/05/1991,-3.6171828659829,40.45873981108650
2200PeatonBici,16,28800,1267,21/05/1991,-3.61785578145203,40.45863238905970
2200PeatonBici,16,28801,1267,21/05/1991,-3.61788219275364,40.45860076294360
2200PeatonBici,16,28802,1267,21/05/1991,-3.61805989046935,40.45827268759130
2200PeatonBici,16,28803,1267,21/05/1991,-3.61810316957655,40.45823862404080
2200PeatonBici,16,28809,1335,28/08/1992,-3.62944761537427,40.46846739645550
2200PeatonBici,16,28810,1335,28/08/1992,-3.62940790097276,40.46858904689000
3200Bici,1,57567,28,,-3.69587001071377,40.41871688997060
2200PeatonBici,12,29070,231,17/06/1967,-3.71948167834053,40.37343197970990
2200PeatonBici,12,29071,231,17/06/1967,-3.71958312874587,40.37343481896840
2200PeatonBici,12,29072,231,17/06/1967,-3.71992962218261,40.37339264421380
2200PeatonBici,12,29073,231,17/06/1967,-3.72002570594117,40.37340493329560
2200PeatonBici,12,29084,821,28/09/2018,-3.71236721403144,40.37289184709320
2200PeatonBici,12,29085,821,28/09/2018,-3.71226192312924,40.37289304914530
2200PeatonBici,12,29088,1219,26/09/2018,-3.7106690713576,40.37271008421350
2200PeatonBici,12,29089,1219,26/09/2018,-3.71057026799956,40.37269748721410
2200PeatonBici,12,29096,1031,28/04/2021,-3.7050026213453,40.37143231705740
2200PeatonBici,12,29097,1031,06/10/1981,-3.70505510831786,40.37132847385950
2200PeatonBici,4,29148,162,09/02/1966,-3.68674044369572,40.43050967444080
3200Bici,1,57568,28,,-3.69573833083724,40.41879635440970
3100Bici,1,29357,510,25/05/1972,-3.71319660095818,40.42174404696120
2200PeatonBici,9,29371,100,27/02/1962,-3.71160459272259,40.42431030230430
2200PeatonBici,5,57780,4689,,-3.69024379485105,40.45090842152130
2200PeatonBici,15,29971,620,13/05/1974,-3.6470646683493,40.42692622300380
2200PeatonBici,15,29972,620,13/05/1974,-3.64710396100849,40.42683823195070
2200PeatonBici,15,29978,620,13/05/1974,-3.64740794942098,40.4268720076701
2200PeatonBici,15,29979,620,13/05/1974,-3.64765726699263,40.42694557929080
2200PeatonBici,15,29980,620,13/05/1974,-3.64770357477686,40.42695507535340
2200PeatonBici,15,30147,629,14/05/2025,-3.6513894141938,40.42583763892730
2200PeatonBici,15,30148,629,14/05/2025,-3.65133204484665,40.42587992505050
2200PeatonBici,10,30482,1997,04/05/2007,-3.73909023414704,40.41116703525050
2200PeatonBici,10,30483,1997,04/05/2007,-3.73896656850312,40.41116522734720
2200PeatonBici,11,30780,1841,09/09/2004,-3.733650834393,40.38738643275460
2200PeatonBici,11,30787,287,25/03/2015,-3.73201564809297,40.38841012314130
2200PeatonBici,2,30941,776,01/01/1978,-3.72029794908412,40.40389332560480
2200PeatonBici,2,30942,776,01/01/1978,-3.72046966796405,40.40381694726280
2200PeatonBici,2,30943,776,01/01/1978,-3.72060660550963,40.40390794176480
2200PeatonBici,2,30944,776,25/02/2019,-3.7207404268929,40.40406678457610
2200PeatonBici,2,30949,1875,15/11/2015,-3.7187941268319,40.40408766418510
2200PeatonBici,2,30950,1875,15/11/2015,-3.71885278045641,40.404081029939
2200PeatonBici,2,31068,529,11/10/1972,-3.71853196522957,40.41059021451270
2200PeatonBici,2,31069,529,11/10/1972,-3.71855639445556,40.41059651502190
2200PeatonBici,2,31189,1481,07/02/1997,-3.70008839035824,40.39481888492980
2200PeatonBici,2,31190,1481,07/02/1997,-3.70011836569345,40.39472146986580
2200PeatonBici,2,31197,413,05/08/1970,-3.69884382486712,40.3939196581019
2200PeatonBici,2,31200,413,05/08/1970,-3.69891651914953,40.39378707930220
2200PeatonBici,2,31233,342,17/02/1969,-3.69565071588432,40.39142873468310
2200PeatonBici,12,31433,1746,24/02/2003,-3.69526284459112,40.37532266139900
2200PeatonBici,12,31434,1746,07/07/2021,-3.69517869830614,40.3753583111287
2200PeatonBici,12,31435,1746,24/02/2003,-3.69467761283092,40.37546363216190
2200PeatonBici,12,31436,1746,07/07/2021,-3.69460884286813,40.37542169074530
2200PeatonBici,12,31507,1056,18/05/1982,-3.69658986219594,40.3671232233857
2200PeatonBici,12,31508,1056,18/05/1982,-3.69672315212127,40.36697570741830
2200PeatonBici,12,31509,1056,18/05/1982,-3.69672319245742,40.36695320236680
2200PeatonBici,12,31514,1644,01/08/2000,-3.69439427165299,40.36726227506350
2200PeatonBici,12,31515,1644,14/04/2021,-3.69438512249974,40.36720157356480
2200PeatonBici,12,31516,1644,01/08/2000,-3.69439160738479,40.36707225258820
2200PeatonBici,12,31517,1644,14/04/2021,-3.69438417953095,40.36703329089120
2200PeatonBici,13,31714,2078,16/06/2009,-3.66865215243979,40.38260387108050
2200PeatonBici,2,32144,543,04/12/1972,-3.68062916461865,40.39576468526360
2200PeatonBici,2,32145,543,04/12/1972,-3.68051982160661,40.39582504846580
2200PeatonBici,2,32146,543,04/12/1972,-3.68048424085115,40.39584738757590
2200PeatonBici,2,32147,543,04/12/1972,-3.68040709391937,40.39589894773590
2200PeatonBici,2,32148,543,04/12/1972,-3.68000342061182,40.39592954022750
2200PeatonBici,2,32150,543,04/12/1972,-3.67977225763711,40.39581024246020
2200PeatonBici,13,32324,1174,04/05/1989,-3.64965692535616,40.39462141153520
2200PeatonBici,13,32325,1174,04/05/1989,-3.64960771555568,40.39460128392210
2200PeatonBici,3,32522,106,23/04/2018,-3.67471024319675,40.40107333500930
2200PeatonBici,3,32523,106,23/04/2018,-3.67457994764266,40.40121616539940
2200PeatonBici,20,33166,1494,29/07/1997,-3.62664985989046,40.44754362522800
2200PeatonBici,20,33168,1494,29/07/1997,-3.62605421130895,40.44715003977810
2200PeatonBici,20,33170,1494,29/07/1997,-3.62587458241875,40.44720243704230
2200PeatonBici,20,33171,1494,29/07/1997,-3.62540430817283,40.447761619689
2200PeatonBici,15,33201,312,11/07/1968,-3.64041025915922,40.44140402126380
2200PeatonBici,15,33202,312,11/07/1968,-3.64048076392469,40.44138090524960
2200PeatonBici,15,33203,312,11/07/1968,-3.64059658377402,40.4412520944101
2200PeatonBici,15,33204,312,11/07/1968,-3.64066154021837,40.44122173775820
2200PeatonBici,6,33272,1617,07/06/2018,-3.69040117942725,40.44915907806960
2200PeatonBici,6,33291,59,23/02/2018,-3.69171170630396,40.44642971574840
2200PeatonBici,6,33292,59,23/02/2018,-3.69159513658393,40.44642859965560
2200PeatonBici,6,33293,59,16/03/2018,-3.69140258582894,40.44646386226990
2200PeatonBici,6,33294,59,16/03/2018,-3.69127406156011,40.44645663636910
2200PeatonBici,6,33295,59,16/03/2018,-3.69119353377019,40.4464534154297
2200PeatonBici,6,33296,59,16/03/2018,-3.69103851036731,40.44644526287020
2200PeatonBici,6,33297,59,05/03/2018,-3.69075120966204,40.44647587891280
2200PeatonBici,6,33298,59,01/01/1960,-3.69067654133981,40.44647097595740
2200PeatonBici,6,33597,110,05/09/2019,-3.69084778882381,40.45267964350930
2200PeatonBici,6,33598,110,05/09/2019,-3.69082143921745,40.45267818184080
2200PeatonBici,6,33599,110,30/12/1963,-3.69076624282266,40.45267518360610
2200PeatonBici,6,33600,110,30/12/1963,-3.69043510299808,40.45270515843390
2200PeatonBici,6,33601,110,30/12/1963,-3.69050864126371,40.45266056505060
2200PeatonBici,6,33602,110,30/12/1963,-3.69046235048082,40.45265827182570
2200PeatonBici,6,33609,110,30/12/1963,-3.69146012625778,40.45215674272800
2200PeatonBici,6,33610,110,05/09/2019,-3.69146463063489,40.45209490160680
2200PeatonBici,6,33611,110,30/12/1963,-3.69145715370699,40.45219202329150
2200PeatonBici,6,33612,110,05/09/2019,-3.69144316524968,40.4522568186801
2200PeatonBici,6,33615,110,30/12/1963,-3.69053538459558,40.45151518965760
2200PeatonBici,6,33616,110,30/12/1963,-3.69057211069222,40.45151732595630
2200PeatonBici,6,33617,110,30/12/1963,-3.69062154192257,40.45151995295500
2200PeatonBici,6,33618,110,30/12/1963,-3.69088219513514,40.45153591469490
2200PeatonBici,6,33619,110,05/09/2019,-3.69092769723197,40.45153857865470
2200PeatonBici,6,33620,110,05/09/2019,-3.69095674507066,40.45153968113370
2200PeatonBici,6,33621,110,05/09/2019,-3.69114880622464,40.45159128311190
2200PeatonBici,6,33622,110,05/09/2019,-3.69118577345314,40.45159383353780
2200PeatonBici,15,34102,398,14/05/1970,-3.64668704643124,40.43823520096770
2200PeatonBici,15,34103,398,14/05/1970,-3.64671245743096,40.43812424547790
2200PeatonBici,15,34136,532,28/10/1972,-3.64209439466325,40.44104606461860
2200PeatonBici,15,34137,532,28/10/1972,-3.64202061291767,40.4410066621605
2200PeatonBici,10,34481,2039,06/04/2021,-3.75756663941299,40.39871336669990
2200PeatonBici,10,34482,2039,13/12/2007,-3.75767007454031,40.39858259849520
3200Bici,14,34685,635,11/11/1974,-3.6578907075262,40.41077726986560
2200PeatonBici,17,34811,1766,13/02/2019,-3.70667458656976,40.34141476578570
2200PeatonBici,17,34813,1766,13/02/2019,-3.70653201658497,40.34145571148790
2200PeatonBici,17,34819,1764,11/11/2019,-3.70510333294412,40.34138952203620
2200PeatonBici,17,34823,1764,11/11/2019,-3.70496354780831,40.34104597056460
2200PeatonBici,17,34925,1765,07/08/2003,-3.69283334105085,40.34553256855660
2200PeatonBici,17,34926,1765,07/08/2003,-3.69309625784245,40.34555730756580
2200PeatonBici,17,34984,769,15/06/2016,-3.70469693916644,40.35052182743280
2200PeatonBici,17,34985,769,15/06/2016,-3.70443286085522,40.35047911591890
2200PeatonBici,17,35037,783,01/01/1978,-3.69374759675507,40.35136645127130
2200PeatonBici,17,35038,783,01/01/1978,-3.69373774172705,40.35132893177420
2200PeatonBici,17,35039,783,01/01/1978,-3.69373266372415,40.35123732602700
2200PeatonBici,17,35040,783,01/01/1978,-3.69375510647307,40.35116161823810
2200PeatonBici,17,35147,396,15/01/1970,-3.69374400838925,40.36102206030090
2200PeatonBici,17,35148,396,06/07/2021,-3.69373799867603,40.36091719866210
2200PeatonBici,17,35161,396,15/01/1970,-3.69384764649439,40.36150446169000
2200PeatonBici,17,35162,396,15/01/1970,-3.69384415270087,40.36145180279000
2200PeatonBici,17,35197,1778,22/02/2019,-3.68359664001157,40.35507151473380
2200PeatonBici,17,35198,1778,22/02/2019,-3.68353549861915,40.35505528300550
2200PeatonBici,12,35231,1918,16/12/2005,-3.69806452066042,40.36509465413900
2200PeatonBici,12,35232,1918,16/12/2005,-3.69807121931932,40.36505308357800
2200PeatonBici,17,35235,1057,18/12/2018,-3.69997615779447,40.36256255870060
2200PeatonBici,17,35236,1057,26/05/1982,-3.69998828998465,40.36254245708230
2200PeatonBici,17,35241,4718,18/12/2018,-3.69948097446724,40.36333566038920
2200PeatonBici,17,35242,4718,18/12/2018,-3.69949390932052,40.36331398900840
3200Bici,14,35261,676,20/10/1975,-3.64601526356605,40.40835884166580
2200PeatonBici,14,35263,676,20/10/1975,-3.64609252986716,40.40812037237390
2200PeatonBici,14,35270,675,20/10/1975,-3.64759290585212,40.40903291955100
2200PeatonBici,14,35274,675,20/10/1975,-3.64776208877151,40.40873043709950
2200PeatonBici,14,35279,570,23/05/1973,-3.64970316521213,40.40975717557610
2200PeatonBici,14,35281,642,02/12/1974,-3.65243151430841,40.41055487023420
2200PeatonBici,14,35285,642,02/12/1974,-3.65246703789385,40.410194387251
2200PeatonBici,14,35292,599,26/10/1973,-3.6557169714838,40.41041002397560
2200PeatonBici,14,35294,599,26/10/1973,-3.65505307549126,40.41079730713660
2200PeatonBici,14,35296,599,26/10/1973,-3.65527475982872,40.4109848763651
2200PeatonBici,14,35307,635,11/11/1974,-3.65793350419719,40.41075968396520
2200PeatonBici,14,35308,635,11/11/1974,-3.65793313927554,40.41066219111280
2200PeatonBici,14,35309,635,11/11/1974,-3.65793249518384,40.41062761278680
2200PeatonBici,14,35310,635,11/11/1974,-3.65793158621489,40.41052916167620
2200PeatonBici,3,35417,144,17/11/2015,-3.67081211693801,40.40668661685670
2200PeatonBici,3,35432,144,18/11/2015,-3.67032374378856,40.40608143821780
2200PeatonBici,3,35435,144,18/11/2015,-3.67053239978541,40.40618582266020
2200PeatonBici,3,35449,303,25/05/1968,-3.67230996933167,40.40432911334850
2200PeatonBici,3,35450,303,25/05/1968,-3.67208341003501,40.40442384807290
2200PeatonBici,3,35451,303,25/05/1968,-3.67201859365087,40.40438962902790
2200PeatonBici,3,35452,303,25/05/1968,-3.67197066948819,40.40436556872740
2200PeatonBici,3,35453,303,13/01/2015,-3.67190553669041,40.40432918920440
2200PeatonBici,3,35454,303,25/05/1968,-3.67195454560693,40.40416012575580
2200PeatonBici,3,35455,303,25/05/1968,-3.67200870093885,40.40410094825460
2200PeatonBici,3,35512,318,13/01/2015,-3.67287464734706,40.40314558064180
2200PeatonBici,3,35513,318,13/01/2015,-3.67288718579129,40.40313147033340
2200PeatonBici,9,35830,387,09/01/2020,-3.72956940704154,40.45624603025440
2200PeatonBici,9,35831,387,09/01/2020,-3.72952710914509,40.45626633493090
2200PeatonBici,9,35832,387,23/12/2024,-3.72939965814741,40.45627339031990
2200PeatonBici,9,35833,387,09/01/2020,-3.72933355501682,40.4562613661202
2200PeatonBici,9,35846,1439,24/12/2019,-3.7273826976305,40.44586948987310
2200PeatonBici,9,35847,1439,24/12/2019,-3.72742251279151,40.445951830898
2200PeatonBici,9,35869,195,01/10/1966,-3.72588387590808,40.43983786215540
2200PeatonBici,16,36131,1906,17/10/2005,-3.65824421576322,40.50065779263770
2200PeatonBici,16,36132,1906,17/10/2005,-3.65827905909676,40.50069241634030
2200PeatonBici,16,36133,1906,17/10/2005,-3.65828478216497,40.5008310145216
2200PeatonBici,16,36134,1906,17/10/2005,-3.65831473601651,40.5008607070925
2200PeatonBici,16,36135,1906,17/10/2005,-3.65923796428375,40.50018333459370
2200PeatonBici,16,36136,1906,17/10/2005,-3.65919534656642,40.50015495634010
2200PeatonBici,16,36137,1906,17/10/2005,-3.65912486021753,40.50001176607760
2200PeatonBici,16,36138,1906,17/10/2005,-3.65909132041858,40.49998449957200
2200PeatonBici,16,36139,1906,17/10/2005,-3.65815637564501,40.50016697095410
2200PeatonBici,16,36140,1906,17/10/2005,-3.65822019506347,40.50010999240950
2200PeatonBici,16,36141,1906,17/10/2005,-3.65839025087299,40.50010025674740
2200PeatonBici,16,36142,1906,17/10/2005,-3.65845949679133,40.50003901307290
2200PeatonBici,16,36151,1931,01/03/2006,-3.65474051026301,40.49769355614450
2200PeatonBici,16,36152,1931,01/03/2006,-3.65467208768221,40.49775430091040
2200PeatonBici,16,36153,1931,01/03/2006,-3.65460590335812,40.49781758881190
2200PeatonBici,16,36154,1931,01/03/2006,-3.65451356330184,40.49790333700030
2200PeatonBici,16,36159,1931,01/03/2006,-3.6543812877813,40.49695094448760
2200PeatonBici,16,36160,1931,01/03/2006,-3.65442071939758,40.49697567395180
2200PeatonBici,16,36161,1931,01/03/2006,-3.65447048548356,40.49710948226930
2200PeatonBici,16,36162,1931,01/03/2006,-3.65453195097265,40.4971479607679
2200PeatonBici,16,36163,1931,01/03/2006,-3.65349568279139,40.49722384684840
2200PeatonBici,16,36164,1931,01/03/2006,-3.65355894242548,40.49716428720110
2200PeatonBici,16,36165,1931,01/03/2006,-3.65363280695975,40.4970972953861
2200PeatonBici,16,36166,1931,01/03/2006,-3.65369926867313,40.49703561730290
2200PeatonBici,16,36167,1936,08/03/2006,-3.65789462900727,40.49464071573730
2200PeatonBici,16,36168,1936,08/03/2006,-3.65786230385051,40.49467086572730
2200PeatonBici,16,36169,1936,08/03/2006,-3.65768919467523,40.49471045386500
2200PeatonBici,16,36170,1936,08/03/2006,-3.65765105769343,40.49474418337730
2200PeatonBici,16,36171,1936,08/03/2006,-3.65699514934989,40.49484181995010
2200PeatonBici,16,36172,1936,08/03/2006,-3.65695508536903,40.49481699857440
2200PeatonBici,16,36173,1936,08/03/2006,-3.65690821515751,40.49467689119050
2200PeatonBici,16,36174,1936,08/03/2006,-3.65686447500425,40.49464825849910
2200PeatonBici,16,36175,1932,01/03/2006,-3.6504782286066,40.49500069119430
2200PeatonBici,16,36176,1932,01/03/2006,-3.65041807520134,40.49506177934550
2200PeatonBici,16,36177,1932,01/03/2006,-3.65041594566447,40.49517910084220
2200PeatonBici,16,36178,1932,01/03/2006,-3.65035572323533,40.49523977143450
2200PeatonBici,16,36179,1932,01/03/2006,-3.65011350217513,40.49404046423090
2200PeatonBici,16,36180,1932,01/03/2006,-3.65019474260035,40.49408689680540
2200PeatonBici,16,36181,1932,01/03/2006,-3.65033118575895,40.49410013925010
2200PeatonBici,16,36182,1932,01/03/2006,-3.65041127942689,40.49414689638890
2200PeatonBici,16,36183,1932,01/03/2006,-3.64889744065777,40.49428232976680
2200PeatonBici,16,36184,1932,01/03/2006,-3.64896186494096,40.49422894618580
2200PeatonBici,16,36185,1932,01/03/2006,-3.64898005254026,40.49411666358370
2200PeatonBici,16,36186,1932,01/03/2006,-3.64904915683894,40.49406093531330
2200PeatonBici,16,36187,1936,08/03/2006,-3.65777526835481,40.49415246718970
2200PeatonBici,16,36188,1936,08/03/2006,-3.65771572504525,40.49411486153850
2200PeatonBici,16,36189,1936,08/03/2006,-3.65767004678291,40.49397856718550
2200PeatonBici,16,36190,1936,08/03/2006,-3.65762774369877,40.49395000120890
2200PeatonBici,16,36195,2032,30/04/2025,-3.64780169504189,40.49304571886660
2200PeatonBici,16,36196,2032,30/04/2025,-3.64790949042176,40.49298896009530
2200PeatonBici,16,36201,1933,01/03/2006,-3.66023726849801,40.49184823563460
2200PeatonBici,16,36202,1933,01/03/2006,-3.66020212479399,40.49182587427770
2200PeatonBici,16,36203,1933,01/03/2006,-3.66015018902332,40.49168649032610
2200PeatonBici,16,36204,1933,01/03/2006,-3.66010822126126,40.4916600550486
2200PeatonBici,16,36217,1933,01/03/2006,-3.65996870929836,40.49115620427020
2200PeatonBici,16,36218,1933,01/03/2006,-3.66003144111408,40.49109608966170
2200PeatonBici,16,36219,1933,01/03/2006,-3.66019440419728,40.49108302753880
2200PeatonBici,16,36220,1933,01/03/2006,-3.66025943816477,40.49102301445340
2200PeatonBici,16,36271,1930,01/03/2006,-3.65206294233447,40.48667363315490
2200PeatonBici,16,36272,1930,01/03/2006,-3.65202416882933,40.48666278279470
2200PeatonBici,16,36527,1307,27/02/1992,-3.63890318733028,40.47608260277230
2200PeatonBici,16,36528,1307,27/02/1992,-3.63882366391455,40.47606048038680
2200PeatonBici,13,31715,2078,16/06/2009,-3.66867728979573,40.38263488350540
2200PeatonBici,13,32312,1144,18/05/1987,-3.64040247612583,40.39414940404850
2200PeatonBici,13,32313,1144,18/05/1987,-3.64029258818045,40.39410360485770
2200PeatonBici,13,32314,1144,18/05/1987,-3.64018808672483,40.39412419089490
2200PeatonBici,13,32315,1144,18/05/1987,-3.64006180789268,40.39411032153460
2200PeatonBici,15,36847,254,27/10/1967,-3.65790083839764,40.43472885209400
2200PeatonBici,15,36851,254,27/10/1967,-3.65815454994768,40.43502447029330
2200PeatonBici,15,36863,488,24/01/1972,-3.65643826015612,40.43460712710600
2200PeatonBici,15,36864,488,24/01/1972,-3.65641298669545,40.43471873284840
2200PeatonBici,15,36901,479,29/11/1971,-3.64978867466273,40.43658837970760
2200PeatonBici,15,36902,479,29/11/1971,-3.64978262838335,40.43664593827860
2200PeatonBici,15,36907,479,29/11/1971,-3.64976163926883,40.43645222448960
2200PeatonBici,15,36908,479,29/11/1971,-3.64985815589721,40.43647549545710
2200PeatonBici,15,37021,664,27/05/1975,-3.63701059729119,40.43687135663190
2200PeatonBici,15,37027,659,16/05/1975,-3.63654070900086,40.43623866093020
2200PeatonBici,15,37029,659,16/05/1975,-3.63657892390333,40.43611242450980
2200PeatonBici,15,37030,659,16/05/1975,-3.63665803481132,40.43608013286620
2200PeatonBici,15,37031,659,16/05/1975,-3.63662591765334,40.43587664094520
2200PeatonBici,15,37032,659,16/05/1975,-3.63669833699652,40.43583994470480
2200PeatonBici,15,37034,659,16/05/1975,-3.63670527160011,40.43565790592470
2200PeatonBici,15,37040,512,26/05/1972,-3.63588935834459,40.43454062994850
2200PeatonBici,15,37042,512,26/05/1972,-3.63543791592437,40.43476234043030
2200PeatonBici,15,37064,655,14/05/1975,-3.63464736386038,40.43282718288500
2200PeatonBici,15,37071,656,15/05/1975,-3.63322852532007,40.43095505651270
2200PeatonBici,15,37077,656,15/05/1975,-3.63289238915338,40.43118758417190
2200PeatonBici,7,37263,251,13/04/2017,-3.69794659374901,40.43243660920040
2200PeatonBici,7,37264,251,27/04/2017,-3.69782732672568,40.43233409853350
2200PeatonBici,7,37276,1236,14/04/2017,-3.6982394164439,40.43349870976630
2200PeatonBici,7,37285,476,10/06/2017,-3.69904672460154,40.43480164336120
2200PeatonBici,7,37286,476,10/06/2017,-3.69909774517505,40.43491719301360
2200PeatonBici,7,53231,480,30/11/1971,-3.69924574989066,40.43579561591310
2200PeatonBici,7,37382,247,08/05/2017,-3.69963545981874,40.43676136923190
2200PeatonBici,14,37639,1747,30/04/2003,-3.6254382539887,40.40644187088980
2200PeatonBici,14,37640,1747,30/04/2003,-3.62543821314994,40.40627126932610
2200PeatonBici,18,37822,1793,23/06/2004,-3.61368685664965,40.37966681452440
2200PeatonBici,18,37823,1793,23/06/2004,-3.61348804300647,40.37964725439730
2200PeatonBici,18,37942,1796,23/06/2004,-3.60692175491986,40.37740443171450
2200PeatonBici,18,37943,1796,23/06/2004,-3.60696676590885,40.37733974697280
2200PeatonBici,18,37944,1796,23/06/2004,-3.60699591530458,40.37729419848190
2200PeatonBici,18,37945,1796,23/06/2004,-3.60704170605075,40.37722754549370
2200PeatonBici,4,37962,13,07/05/2014,-3.6877048217386,40.4254532208092
2200PeatonBici,4,38042,19,01/01/1960,-3.67977753943223,40.42135723280190
2200PeatonBici,4,38043,19,01/01/1960,-3.67997122382791,40.42132617761340
2200PeatonBici,4,38060,2226,01/01/1960,-3.67891524600291,40.42156157976490
2200PeatonBici,4,38061,2226,01/01/1960,-3.67895890747127,40.42156312266640
2200PeatonBici,4,38064,871,01/01/1978,-3.6775227741673,40.42148834070890
2200PeatonBici,4,38065,871,01/01/1978,-3.67754585602954,40.42148964829440
2200PeatonBici,4,38070,179,11/06/1966,-3.6759499675632,40.42139839222740
2200PeatonBici,4,38071,179,11/06/1966,-3.67607806799035,40.42139941458230
2200PeatonBici,4,38363,1216,01/07/2015,-3.66263703127014,40.42115540785160
2200PeatonBici,4,38364,1216,14/07/2015,-3.66250436119634,40.42118212496680
2200PeatonBici,4,38373,1900,30/06/2015,-3.66143122761091,40.42124692092130
2200PeatonBici,4,38374,1900,30/06/2015,-3.66132148406117,40.42125022261620
2200PeatonBici,15,38375,1019,07/09/1981,-3.65563440650219,40.42088747776470
2200PeatonBici,15,38376,1019,07/09/1981,-3.65566474196873,40.42079659305530
2200PeatonBici,15,38401,722,10/03/1977,-3.65589004678295,40.42234909177910
2200PeatonBici,15,38402,722,10/03/1977,-3.6559390752893,40.42231595690280
2200PeatonBici,14,38443,1578,07/05/1999,-3.65273327021651,40.41373151456550
2200PeatonBici,14,38444,1578,07/05/1999,-3.65273480460421,40.41369853901570
2200PeatonBici,14,38445,1578,07/05/1999,-3.65284802331366,40.4135043517987
2200PeatonBici,14,38446,1578,07/05/1999,-3.65290521214389,40.4134473020427
2200PeatonBici,14,38447,1578,07/05/1999,-3.65299448905801,40.41333511554110
2200PeatonBici,14,38448,1578,07/05/1999,-3.65283487746856,40.41328938655390
2200PeatonBici,10,38527,453,22/02/2018,-3.76014123228515,40.38670836871030
2200PeatonBici,10,38528,453,22/02/2018,-3.76009002963615,40.38665747453730
2200PeatonBici,10,38529,453,22/02/2018,-3.7598121718753,40.38643418701460
2200PeatonBici,10,38530,453,22/02/2018,-3.75977106692757,40.38640015711540
2200PeatonBici,10,38559,453,28/07/1971,-3.75983804308286,40.38586967405930
2200PeatonBici,10,38560,453,22/02/2018,-3.7599952804776,40.38569676302890
2200PeatonBici,10,38561,453,22/02/2018,-3.75999715643561,40.38556995777310
2200PeatonBici,10,38562,453,22/02/2018,-3.75988476296918,40.38551835447930
2200PeatonBici,11,38725,1969,20/09/2006,-3.76247672912323,40.37268431862500
2200PeatonBici,11,38726,1969,20/09/2006,-3.76250944342435,40.3725742282852
2200PeatonBici,10,38768,1810,29/07/2004,-3.76528841481994,40.36852970356750
2200PeatonBici,10,38770,1810,29/07/2004,-3.7654537047575,40.36840678315660
2200PeatonBici,11,38780,1789,17/05/2004,-3.76366253031873,40.36633252622640
2200PeatonBici,11,38810,443,22/04/1971,-3.73717781703932,40.38534904155820
2200PeatonBici,11,38812,443,22/04/1971,-3.73720045090572,40.38515773151360
2200PeatonBici,11,38813,1013,24/07/1981,-3.74080837106151,40.38365500849740
2200PeatonBici,11,38814,1013,24/07/1981,-3.7408859912386,40.38371883668720
2200PeatonBici,11,38815,1013,24/07/1981,-3.74098874482792,40.38369129318690
2200PeatonBici,11,38816,1013,24/07/1981,-3.74104254889988,40.38365335272030
2200PeatonBici,11,38863,1069,09/02/1983,-3.74234716203363,40.38288195768910
2200PeatonBici,11,38864,1069,09/02/1983,-3.74235438937594,40.3828650237599
2200PeatonBici,11,38867,345,06/06/2019,-3.7349694141252,40.3865128511884
2200PeatonBici,11,38871,345,06/06/2019,-3.73478461815724,40.38639783533500
2200PeatonBici,11,38874,1841,09/09/2004,-3.73363989860176,40.38716394876890
2200PeatonBici,11,39044,1341,25/09/1992,-3.7533532939854,40.37680777340510
2200PeatonBici,11,39045,1341,25/09/1992,-3.75328455604797,40.3767690701404
2200PeatonBici,11,39060,1086,09/12/1983,-3.75067094452226,40.37593819029770
2200PeatonBici,11,39061,1086,09/12/1983,-3.75054515982093,40.37590691433830
2200PeatonBici,11,39112,2056,22/08/2008,-3.76422886481547,40.36340681523040
2200PeatonBici,11,39113,2056,22/08/2008,-3.76427976916644,40.36349309845290
2200PeatonBici,11,39118,1788,24/03/2022,-3.76241065035243,40.36413127499100
2200PeatonBici,11,39120,1788,24/03/2022,-3.76231730583057,40.36381611948640
2200PeatonBici,11,39121,1788,24/03/2022,-3.76239753188531,40.36378720420830
2200PeatonBici,11,39122,1788,24/03/2022,-3.76257685730086,40.36372367132980
2200PeatonBici,11,39123,1788,24/03/2022,-3.76266493718691,40.36369421419540
2200PeatonBici,11,39124,1788,24/03/2022,-3.76286120833909,40.3638786836281
2200PeatonBici,11,39126,2072,26/03/2009,-3.76067526173917,40.3647257191976
2200PeatonBici,11,39127,2072,26/03/2009,-3.76062778810146,40.36464728227000
2200PeatonBici,11,39130,1787,24/03/2022,-3.75994555084897,40.36274985257280
2200PeatonBici,11,39137,1787,17/05/2004,-3.75993644773615,40.36233336565610
2200PeatonBici,11,39142,1790,24/02/2022,-3.75784735284152,40.36263445237070
2200PeatonBici,11,39144,1790,14/05/2004,-3.75744281127923,40.36254634512820
2200PeatonBici,11,39145,1790,24/02/2022,-3.75744898000036,40.36247826168760
2200PeatonBici,11,39146,1790,24/02/2022,-3.75747161654132,40.36233196050030
2200PeatonBici,11,39147,1790,14/05/2004,-3.75748100947698,40.36226099209600
2200PeatonBici,11,39148,1790,24/02/2022,-3.7577712755809,40.36220195046320
2200PeatonBici,11,39150,1786,14/05/2004,-3.75610341479854,40.36253927808900
2200PeatonBici,11,39157,1786,21/02/2022,-3.75608495093128,40.36211408746190
2200PeatonBici,11,39158,1807,24/02/2022,-3.75427168230836,40.36208217951640
2200PeatonBici,11,39159,1807,29/07/2004,-3.75426522332719,40.36215488266310
2200PeatonBici,11,39160,1807,24/02/2022,-3.75425748405825,40.36230551457470
2200PeatonBici,11,39161,1807,29/07/2004,-3.75425105880705,40.36237569022490
2200PeatonBici,11,39162,1807,24/02/2022,-3.75389823373576,40.36248064529250
2200PeatonBici,11,39164,1807,29/07/2004,-3.7536931450851,40.36247152471740
2200PeatonBici,11,39170,1807,24/02/2022,-3.75375537632572,40.36184549197750
2200PeatonBici,11,39188,1815,15/01/2022,-3.7516541088629,40.36229570555290
2200PeatonBici,11,39195,1815,29/07/2004,-3.75164885422059,40.36187513927050
2200PeatonBici,11,39196,1817,24/02/2022,-3.7482444393905,40.36280434440100
2200PeatonBici,11,39197,1817,24/02/2022,-3.74826963860591,40.36287619214830
2200PeatonBici,11,39198,1817,24/02/2022,-3.74802253078391,40.36298860714280
2200PeatonBici,11,39204,1817,24/02/2022,-3.74779009107505,40.36259851112180
2200PeatonBici,11,39206,1817,24/02/2022,-3.74815318181115,40.36258907783980
2200PeatonBici,11,39207,1817,24/02/2022,-3.74818628825579,40.36266398194890
2200PeatonBici,11,39208,1814,29/07/2004,-3.74394369330634,40.36393474035540
2200PeatonBici,11,39209,1814,01/10/2018,-3.74390672175779,40.36396856983960
2200PeatonBici,11,39223,1814,01/10/2018,-3.74400090554261,40.36357252525360
2200PeatonBici,11,39225,1814,01/10/2018,-3.74404879553033,40.36379643217040
2200PeatonBici,11,39250,1333,13/08/1992,-3.74188496244556,40.37309030697540
2200PeatonBici,11,39251,1333,23/01/2020,-3.74195732736761,40.37308537722980
2200PeatonBici,11,39252,1333,13/08/1992,-3.74203942440275,40.37308228015020
2200PeatonBici,11,39253,1333,13/08/1992,-3.74215439023164,40.37308130074330
2200PeatonBici,11,39306,1332,13/08/1992,-3.738617776641,40.37360609600680
2200PeatonBici,11,39307,1332,13/08/1992,-3.73873405745368,40.37359219284300
2200PeatonBici,11,39328,1010,15/12/2021,-3.73433539153923,40.37322235243640
2200PeatonBici,11,39329,1010,15/12/2021,-3.7343605071729,40.37329417135840
2200PeatonBici,11,39330,1010,15/12/2021,-3.73446377897395,40.37330177471160
2200PeatonBici,11,39331,1010,15/12/2021,-3.73454944024897,40.37332562350340
2200PeatonBici,11,39336,1947,06/04/2006,-3.73141353773072,40.37329364329330
2200PeatonBici,11,39337,1947,06/04/2006,-3.73120059509832,40.37327834325890
2200PeatonBici,11,39346,797,15/05/1993,-3.72635782436359,40.37319402637800
2200PeatonBici,11,39347,797,01/12/2021,-3.72615684025871,40.37319561070420
2200PeatonBici,11,39354,1328,15/02/2022,-3.72281046514112,40.37342511840900
2200PeatonBici,11,39355,1328,23/07/1992,-3.72274515369227,40.37342783740230
2200PeatonBici,11,39358,1328,23/07/1992,-3.72180995602785,40.37347329899040
2200PeatonBici,11,39359,1328,15/02/2022,-3.72176716584784,40.37345948167950
2200PeatonBici,4,39526,156,08/01/1966,-3.68635962846962,40.43515621566290
2200PeatonBici,4,39533,155,05/01/1966,-3.68653402866957,40.43306687577980
2200PeatonBici,4,39534,155,05/01/1966,-3.68654325170916,40.43294453776940
2200PeatonBici,4,39540,1962,11/07/2006,-3.68665037071032,40.4317105449508
2200PeatonBici,2,39616,2209,17/02/2015,-3.70689672588403,40.39754264386880
2200PeatonBici,2,39617,2209,17/02/2015,-3.70690125550084,40.39745867293990
2200PeatonBici,2,39628,1141,09/05/1987,-3.70439073398214,40.39703992577710
2200PeatonBici,2,39629,1141,09/05/1987,-3.70444748256314,40.39709217612740
2200PeatonBici,2,39632,1141,09/05/1987,-3.70400183086785,40.39704908020430
2200PeatonBici,2,39633,1141,09/05/1987,-3.70402552120442,40.39697917219720
2200PeatonBici,2,39660,1434,19/05/2015,-3.70463809068464,40.40109805628710
2200PeatonBici,2,39661,1434,19/05/2015,-3.70450273835775,40.40115681067950
2200PeatonBici,2,39680,1140,09/05/1987,-3.70873010525625,40.39849358290410
2200PeatonBici,2,39681,1140,09/05/1987,-3.70875747823972,40.39846253235880
2200PeatonBici,2,39682,859,01/01/1978,-3.71101401973578,40.39958312644790
2200PeatonBici,2,39683,859,01/01/1978,-3.7110220842929,40.39968103132030
2200PeatonBici,4,40269,154,04/01/1966,-3.68720506238354,40.42787548944660
2200PeatonBici,18,40464,2037,05/12/2007,-3.59892966131389,40.3636906269817
2200PeatonBici,18,40465,2037,05/12/2007,-3.59895922317293,40.36366340426990
2200PeatonBici,18,40466,2037,05/12/2007,-3.5990276738775,40.3635828983184
2200PeatonBici,18,40467,2037,05/12/2007,-3.59909705801997,40.36339232996480
2200PeatonBici,18,40468,2037,05/12/2007,-3.59916077871416,40.3633069090269
2200PeatonBici,18,40469,2037,05/12/2007,-3.59918561070457,40.36327968032060
2200PeatonBici,13,40542,1603,07/05/2025,-3.63034101137593,40.38292901277970
2200PeatonBici,20,40659,654,14/05/1975,-3.6325347411697,40.43000668697020
2200PeatonBici,20,40660,654,14/05/1975,-3.63235576121745,40.42983913964850
2200PeatonBici,20,40661,654,14/05/1975,-3.63227454594194,40.42987467798070
2200PeatonBici,20,40662,654,14/05/1975,-3.63223301780378,40.4299701590812
2200PeatonBici,20,40663,654,14/05/1975,-3.63215318127757,40.43001208797720
2200PeatonBici,20,40665,654,14/05/1975,-3.63217160974255,40.43019299703580
2200PeatonBici,20,40671,657,15/05/1975,-3.63187858527999,40.42908042089070
2200PeatonBici,20,40673,660,20/05/1975,-3.63078575229202,40.42782215661710
2200PeatonBici,20,40675,660,20/05/1975,-3.63064219449349,40.42793074200320
2200PeatonBici,20,40676,660,20/05/1975,-3.6304996767457,40.42789661545020
2200PeatonBici,20,40686,658,16/05/1975,-3.62933265418631,40.42626763017890
2200PeatonBici,20,40692,658,16/05/1975,-3.62973361402221,40.42607757628000
2200PeatonBici,20,40704,663,25/05/1975,-3.62788813637196,40.42495147928640
2200PeatonBici,20,40706,663,25/05/1975,-3.62769482916157,40.42488672257040
2200PeatonBici,20,40709,663,25/05/1975,-3.62906213991709,40.42427670120840
2200PeatonBici,20,40711,663,25/05/1975,-3.62870748642596,40.42404135033180
2200PeatonBici,20,40712,663,25/05/1975,-3.6279198886168,40.42402769657230
2200PeatonBici,20,40713,663,25/05/1975,-3.62783149981638,40.42406359925180
2200PeatonBici,6,40750,305,19/02/2015,-3.69657641169174,40.45232422124060
2200PeatonBici,6,40751,305,19/02/2015,-3.6965305496305,40.45232098101220
2200PeatonBici,6,40754,306,04/12/2014,-3.69492540476006,40.45222339985530
2200PeatonBici,6,40755,306,04/12/2014,-3.69508253909747,40.45223172205650
2200PeatonBici,16,40859,1215,30/07/1990,-3.62671874681661,40.45145285746880
2200PeatonBici,16,40861,1215,30/07/1990,-3.62654297170424,40.45147595759360
2200PeatonBici,16,40863,1215,30/07/1990,-3.62607832260616,40.45083021615840
2200PeatonBici,16,40869,1215,30/07/1990,-3.62685453765998,40.45074300939540
2200PeatonBici,16,40871,2033,19/10/2007,-3.64730674937928,40.48519339006960
2200PeatonBici,16,40872,2033,19/10/2007,-3.64719021862659,40.48514686183710
2200PeatonBici,16,40873,2033,19/10/2007,-3.64709258763655,40.48510717590130
2200PeatonBici,16,40874,2033,19/10/2007,-3.64698839958827,40.48506545022860
2200PeatonBici,16,40875,2115,08/11/2010,-3.64854611340251,40.48394345585980
2200PeatonBici,16,40876,2115,08/11/2010,-3.64853833613377,40.48390324431730
2200PeatonBici,16,40877,2115,08/11/2010,-3.6483601345709,40.48383603239050
2200PeatonBici,16,40878,2115,08/11/2010,-3.64825373221847,40.48378802130900
2200PeatonBici,16,40879,2115,08/11/2010,-3.64816005519347,40.483745653272
2200PeatonBici,16,40880,2115,08/11/2010,-3.64808766085368,40.48371303349780
2200PeatonBici,16,40881,2009,01/06/2007,-3.6589749616762,40.49032011896010
2200PeatonBici,16,40882,2009,01/06/2007,-3.65906325715877,40.49022695624040
2200PeatonBici,16,40883,2009,01/06/2007,-3.65912325794722,40.49002982006920
2200PeatonBici,16,40884,2009,01/06/2007,-3.65903055755774,40.49005163761940
2200PeatonBici,4,40893,153,03/01/1966,-3.68815456237964,40.42252547585500
2200PeatonBici,4,40894,17,01/01/1960,-3.68792490775789,40.4239799324867
3200Bici,9,57211,4601,17/03/2025,-3.71479443227357,40.42363109608600
2200PeatonBici,9,35870,195,05/10/2024,-3.72585584050691,40.43975588339620
3100Bici,6,41231,1714,12/06/2002,-3.69083173770492,40.45451434098460
2200PeatonBici,4,38185,343,17/03/1969,-3.67435780905299,40.42133761074140
2200PeatonBici,4,38184,343,17/03/1969,-3.67442831245362,40.42134377463840
2200PeatonBici,2,43278,1423,29/06/1995,-3.71345380321557,40.40314392388200
2200PeatonBici,2,43279,1423,29/06/1995,-3.71335838806139,40.40311738470350
2200PeatonBici,2,43280,1423,29/06/1995,-3.71323448307148,40.40316529665110
2200PeatonBici,2,43281,1423,29/06/1995,-3.71313423915888,40.40313811657130
2200PeatonBici,2,43316,775,01/01/1978,-3.71654331825361,40.40439759511480
2200PeatonBici,2,43317,775,01/01/1978,-3.71595082935085,40.40415051469760
2200PeatonBici,2,43318,775,26/07/2019,-3.71587135435255,40.40425160600400
2200PeatonBici,20,43378,1590,22/06/1999,-3.60637357275818,40.43509656992600
2200PeatonBici,20,43379,1590,22/06/1999,-3.60644206193107,40.4350422272298
2200PeatonBici,20,43380,1590,22/06/1999,-3.60638044402786,40.43488899833780
2200PeatonBici,20,43381,1590,22/06/1999,-3.60636527359189,40.43481874629530
2200PeatonBici,20,43382,1590,22/06/1999,-3.60649007361445,40.43473229735220
2200PeatonBici,20,43383,1590,22/06/1999,-3.60656502880845,40.43469892558720
2200PeatonBici,20,43384,1590,22/06/1999,-3.60625279670456,40.43473654396900
2200PeatonBici,20,43385,1590,22/06/1999,-3.60619733370049,40.43470454440670
2200PeatonBici,20,43390,1685,29/06/2001,-3.61098442833878,40.41964390733250
2200PeatonBici,20,43392,1685,29/06/2001,-3.61114281661702,40.4196319313379
2200PeatonBici,16,43412,2130,24/02/2025,-3.65562731573055,40.46526033880560
2200PeatonBici,16,43413,2130,24/02/2025,-3.65571897407337,40.46531755924260
2200PeatonBici,4,43442,879,26/09/2024,-3.6609395558904,40.44090605096050
2200PeatonBici,4,43443,879,26/09/2024,-3.66092794144353,40.44076996153890
2200PeatonBici,4,43444,879,26/09/2024,-3.66091230652684,40.44073901492480
2200PeatonBici,4,43445,879,26/09/2024,-3.66088390421595,40.44067437282350
2200PeatonBici,4,43467,690,27/09/2024,-3.6606524799982,40.43832143047830
2200PeatonBici,4,43468,690,02/07/1976,-3.66068633811684,40.43838899608540
2200PeatonBici,4,43469,690,02/07/1976,-3.66075993290777,40.43848089794050
2200PeatonBici,4,43470,690,02/07/1976,-3.6607748118856,40.43858734786040
2200PeatonBici,15,43592,655,14/05/1975,-3.6342590650292,40.43306501723580
2200PeatonBici,11,43928,1338,10/09/1992,-3.74679456034882,40.37484095528990
2200PeatonBici,11,43929,1338,22/09/2020,-3.74674770118569,40.37480100181220
2200PeatonBici,9,44131,978,14/04/2019,-3.72748472470117,40.44856858243070
2200PeatonBici,9,44132,978,14/04/2019,-3.72740733768805,40.44851357634030
2200PeatonBici,9,44133,978,14/04/2019,-3.72749423023864,40.44836025883350
2200PeatonBici,9,44134,978,14/04/2019,-3.72751260040465,40.44827712234500
2200PeatonBici,9,44135,978,14/04/2019,-3.72852628527314,40.44813149512610
2200PeatonBici,9,44136,978,14/04/2019,-3.72854624164601,40.44824345199670
2200PeatonBici,9,44137,978,14/04/2019,-3.72852307593458,40.44830435602420
2200PeatonBici,9,44138,978,14/04/2019,-3.72844681852111,40.44841106448600
2200PeatonBici,9,44139,978,14/04/2019,-3.72802272682156,40.44784496135640
2200PeatonBici,9,44140,978,14/04/2019,-3.72796136002181,40.44785119801850
2200PeatonBici,9,44141,978,14/04/2019,-3.7279176469513,40.44785564052450
2200PeatonBici,9,44142,978,14/04/2019,-3.72785628013126,40.44786187713100
2200PeatonBici,8,44288,1638,28/06/2000,-3.73006085542341,40.48678856993550
2200PeatonBici,8,44289,1638,28/06/2000,-3.73000492987942,40.48672475176120
2200PeatonBici,8,44299,2024,15/02/2021,-3.73344448959377,40.48514804922260
2200PeatonBici,8,44300,2024,17/09/2007,-3.73350901239027,40.48506945262360
2200PeatonBici,8,44309,1640,28/06/2000,-3.72302756513277,40.49156241683320
2200PeatonBici,8,44310,1640,28/06/2000,-3.7230809169993,40.49153665365750
2200PeatonBici,8,44311,1640,28/06/2000,-3.72317821536095,40.49155258405210
2200PeatonBici,8,44312,1640,28/06/2000,-3.72322114941676,40.4915092915298
2200PeatonBici,8,44313,1640,28/06/2000,-3.72377554225238,40.49140364915470
2200PeatonBici,8,44314,1640,28/06/2000,-3.72385386265385,40.49145203504490
2200PeatonBici,8,44315,1640,28/06/2000,-3.72311562260989,40.49212419490710
2200PeatonBici,8,44316,1640,28/06/2000,-3.72303868708182,40.49207647458860
2200PeatonBici,8,44318,2046,24/03/2008,-3.71925427196441,40.49636023563060
2200PeatonBici,8,44320,2046,24/03/2008,-3.71906064596433,40.49625956309110
2200PeatonBici,8,44321,2046,24/03/2008,-3.71899133944825,40.49576053538070
2200PeatonBici,8,44322,2046,24/03/2008,-3.71897981129927,40.49586400576590
2200PeatonBici,8,44323,2046,24/03/2008,-3.71907327980374,40.49552560866140
2200PeatonBici,8,44324,2046,24/03/2008,-3.71918151017585,40.49544971787760
2200PeatonBici,8,44327,2046,24/03/2008,-3.71982904018004,40.49544571932470
2200PeatonBici,8,44328,2046,24/03/2008,-3.71973754704433,40.4954058921536
2200PeatonBici,8,44354,843,29/10/2015,-3.74075337555857,40.47684511562160
2200PeatonBici,8,44355,843,29/10/2015,-3.74077261732455,40.47674119521940
2200PeatonBici,8,44361,1421,19/02/2016,-3.74208268295446,40.47551765661850
2200PeatonBici,8,44362,1421,19/02/2016,-3.74210628574634,40.47546139324040
2200PeatonBici,14,44448,1742,30/01/2003,-3.62950063600665,40.41046880734440
2200PeatonBici,14,44449,1742,30/01/2003,-3.62945482600106,40.41040065199140
2200PeatonBici,15,45129,665,09/06/1975,-3.65002354739307,40.42663286731160
2200PeatonBici,15,45130,665,09/06/1975,-3.65005366423287,40.42657175504830
2200PeatonBici,15,45154,881,21/06/1978,-3.63921541377361,40.42298418913570
2200PeatonBici,15,45155,881,21/06/1978,-3.63917948175868,40.42300704834540
2200PeatonBici,15,45156,881,21/06/1978,-3.63903601077724,40.42305808128820
2200PeatonBici,15,45157,881,21/06/1978,-3.63896646828287,40.42303262751210
3100Bici,15,45158,881,21/06/1978,-3.63871750255946,40.42313474947930
3200Bici,2,45399,413,26/02/2018,-3.69821516787004,40.39324964371040
3100Bici,2,45400,413,26/02/2018,-3.69837585065843,40.39340312270310
2200PeatonBici,20,46066,1760,18/07/2003,-3.6352407406672,40.44727612752510
2200PeatonBici,20,46067,1760,18/07/2003,-3.63523430281723,40.44719078932190
2200PeatonBici,8,46193,1832,02/08/2004,-3.66151066973826,40.50243185966480
2200PeatonBici,8,46194,1832,02/08/2004,-3.66154710147078,40.50237388801830
2200PeatonBici,8,46299,1818,02/08/2004,-3.6672861393736,40.51155609032810
2200PeatonBici,8,46300,1818,02/08/2004,-3.66737217862166,40.51145544468340
2200PeatonBici,8,46301,1818,02/08/2004,-3.66713506731509,40.51113263322940
2200PeatonBici,8,46302,1818,02/08/2004,-3.66705946461972,40.51108034110430
2200PeatonBici,8,46303,1818,02/08/2004,-3.66697120796839,40.51101851744690
2200PeatonBici,8,46304,1818,02/08/2004,-3.66689020547838,40.51096154680550
2200PeatonBici,8,46305,1818,02/08/2004,-3.66643195219163,40.51082485961980
2200PeatonBici,8,46306,1818,02/08/2004,-3.66632165418312,40.51089881253360
2200PeatonBici,10,46483,1011,02/07/1981,-3.72977965426743,40.40257183063330
2200PeatonBici,10,46484,1011,02/07/1981,-3.72986970582918,40.40254190527640
2200PeatonBici,10,46485,1011,02/07/1981,-3.72996917898652,40.40240438722130
2200PeatonBici,10,46486,1011,02/07/1981,-3.73006927407147,40.40237612162400
2200PeatonBici,10,46599,1996,04/05/2007,-3.7297907352061,40.41466494969730
2200PeatonBici,10,46600,1996,04/05/2007,-3.72990088393783,40.41462337138740
2200PeatonBici,8,46691,2053,09/07/2008,-3.7138985715285,40.50329369205980
2200PeatonBici,8,46692,2053,09/07/2008,-3.71388114890688,40.50334975118990
2200PeatonBici,4,46694,49,01/01/1960,-3.68642079579937,40.43737591088840
2200PeatonBici,10,47279,1745,11/02/2003,-3.76010238804276,40.38416608738040
2200PeatonBici,10,47280,1745,11/02/2003,-3.75995953814935,40.38427017268690
2200PeatonBici,15,47357,2098,07/05/2025,-3.64589124237365,40.43944081912170
2200PeatonBici,15,47358,2098,07/05/2025,-3.64580688039944,40.4394014659923
2200PeatonBici,15,47359,2098,07/05/2025,-3.64583866406715,40.43932894341750
2200PeatonBici,15,47360,2098,07/05/2025,-3.64586586672842,40.43929347704970
2200PeatonBici,15,47399,620,13/05/1974,-3.64735872394566,40.42683277628310
2200PeatonBici,2,47598,469,12/11/1971,-3.69891671492225,40.40131865235410
2200PeatonBici,2,47599,469,12/11/1971,-3.6990332720351,40.40137051130820
2200PeatonBici,2,47600,469,12/11/1971,-3.69943654694549,40.40134525919860
2200PeatonBici,2,47601,469,12/11/1971,-3.69948448151639,40.40128137370430
2200PeatonBici,2,47602,469,12/11/1971,-3.6995480868067,40.40117193414300
2200PeatonBici,2,47603,469,12/11/1971,-3.69961515528156,40.40110358727820
2200PeatonBici,13,47803,1654,05/12/2000,-3.6595946374118,40.37648796789090
2200PeatonBici,13,47804,1654,05/12/2000,-3.65961436167741,40.37644375765120
2200PeatonBici,13,47805,1654,05/12/2000,-3.65962651158094,40.37640929785930
2200PeatonBici,13,47806,1654,05/12/2000,-3.65964717274393,40.3763689949006
2200PeatonBici,20,48117,1156,13/11/1987,-3.62436725305314,40.41726508398340
2200PeatonBici,20,48119,1156,13/11/1987,-3.62394492991189,40.41703704333980
2200PeatonBici,20,48120,1157,13/11/1987,-3.62372238824674,40.41683818139240
2200PeatonBici,20,48121,1157,13/11/1987,-3.62360904141723,40.41683942518780
2200PeatonBici,20,48123,1157,13/11/1987,-3.62291002116176,40.41690259406590
2200PeatonBici,20,48125,1157,13/11/1987,-3.62273564467533,40.41694752398850
2200PeatonBici,20,48127,1157,13/11/1987,-3.62226442979503,40.41728746314200
2200PeatonBici,20,48132,1156,13/11/1987,-3.62376172586832,40.41846033355190
2200PeatonBici,20,48133,1156,13/11/1987,-3.62384407532532,40.41840362838570
2200PeatonBici,20,48135,1156,13/11/1987,-3.6240274990157,40.41819949539330
2200PeatonBici,20,48137,1156,13/11/1987,-3.62432167509601,40.41789345486690
2200PeatonBici,16,48147,1781,22/01/2025,-3.65907598100031,40.48704231015350
2200PeatonBici,16,48148,1781,22/01/2025,-3.65905028850146,40.48702722750190
2200PeatonBici,16,48149,1781,22/01/2025,-3.65898758246176,40.48697025791620
2200PeatonBici,16,48152,1781,22/01/2025,-3.65888204752472,40.48686327910560
2200PeatonBici,16,48153,1781,22/01/2025,-3.65900806461019,40.48669283429660
2200PeatonBici,16,48154,1781,22/01/2025,-3.65906678304609,40.48665388892070
2200PeatonBici,16,48155,1930,01/03/2006,-3.65185227725271,40.48673172878380
2200PeatonBici,16,48156,1930,01/03/2006,-3.65180737174312,40.48671184202560
2200PeatonBici,16,48157,1930,01/03/2006,-3.65154902513288,40.48679866050460
2200PeatonBici,16,48158,1930,01/03/2006,-3.65146119650636,40.48674889024100
2200PeatonBici,16,48159,1930,01/03/2006,-3.65103447586,40.48681808581480
2200PeatonBici,16,48160,1930,01/03/2006,-3.65098395742635,40.48691177713540
2200PeatonBici,16,48161,1930,01/03/2006,-3.65082825739529,40.48694916228780
2200PeatonBici,16,48162,1930,01/03/2006,-3.65077230973961,40.48705076238840
2200PeatonBici,8,48175,1638,28/06/2000,-3.73001469147473,40.48644782875560
2200PeatonBici,8,48176,1638,28/06/2000,-3.73002207678375,40.48632347461560
2200PeatonBici,8,48177,2050,13/06/2008,-3.73607841388793,40.48452458296370
2200PeatonBici,8,48178,2050,13/06/2008,-3.73594161081257,40.48452746000040
2200PeatonBici,16,48187,2031,19/10/2007,-3.60605706496168,40.45235659697410
2200PeatonBici,16,48188,2031,19/10/2007,-3.60593918884109,40.45228946757570
2200PeatonBici,16,48200,1292,29/11/1991,-3.6221324030237,40.45456157979160
2200PeatonBici,16,48201,1292,29/11/1991,-3.62209126995005,40.45450058088220
2200PeatonBici,16,48202,1292,29/11/1991,-3.62216804073747,40.45422924801680
2200PeatonBici,16,48203,1292,29/11/1991,-3.62220141872986,40.45421600224020
2200PeatonBici,16,48204,1292,29/11/1991,-3.62269717732864,40.45394031128550
2200PeatonBici,16,48205,1292,29/11/1991,-3.62273681250852,40.45392438829880
2200PeatonBici,16,48206,1292,29/11/1991,-3.6231449970636,40.45410921433140
2200PeatonBici,16,48207,1292,29/11/1991,-3.62318878744125,40.4541654853383
2200PeatonBici,16,48211,2088,24/09/2009,-3.61940336636214,40.45583769476330
2200PeatonBici,16,48212,2088,24/09/2009,-3.61944977339337,40.45580183473190
2200PeatonBici,16,48215,1509,10/12/1997,-3.61816475237679,40.45703688041200
2200PeatonBici,16,48216,1509,10/12/1997,-3.61808751819236,40.45700074039220
2200PeatonBici,16,48217,1509,10/12/1997,-3.61763187600727,40.45728924531400
2200PeatonBici,16,48218,1509,10/12/1997,-3.61756637063736,40.45727534405780
2200PeatonBici,14,48258,1748,30/04/2003,-3.62789206652233,40.39877359707930
2200PeatonBici,14,48259,1748,30/04/2003,-3.62785685739721,40.39888188734910
2200PeatonBici,14,48280,1747,30/04/2003,-3.62545068804462,40.40622475248430
2200PeatonBici,14,48281,1747,30/04/2003,-3.62543237687102,40.40648648820520
2200PeatonBici,13,48291,716,28/12/1976,-3.6633365765781,40.36856238811720
2200PeatonBici,13,48292,716,28/12/1976,-3.66338485605473,40.36857027327560
2200PeatonBici,8,48297,2029,17/09/2007,-3.73854690620043,40.4799847619172
2200PeatonBici,8,48298,2029,17/09/2007,-3.73860245678068,40.47993948902790
2200PeatonBici,8,48299,2028,17/09/2007,-3.69363085722356,40.50576295920140
2200PeatonBici,8,48300,2028,17/09/2007,-3.69350624279797,40.50570113935080
2200PeatonBici,15,48319,2098,07/05/2025,-3.64612639026541,40.43918960785340
2200PeatonBici,15,48320,2098,07/05/2025,-3.64605991562922,40.4391815056164
2200PeatonBici,16,48357,2032,30/04/2025,-3.64770886580928,40.49309440969020
2200PeatonBici,16,48358,2032,30/04/2025,-3.64760346157413,40.4931514041899
2200PeatonBici,16,48847,2141,31/08/2012,-3.65222982720713,40.49610857412300
2200PeatonBici,16,48848,2141,31/08/2012,-3.65216424811621,40.49616818979040
2200PeatonBici,16,48849,2141,31/08/2012,-3.65209296522922,40.49623457268280
2200PeatonBici,16,48850,2141,31/08/2012,-3.65202497531611,40.49629677011520
2200PeatonBici,16,48868,4598,19/10/2007,-3.64745557405078,40.48598672957550
2200PeatonBici,16,48869,4598,19/10/2007,-3.64750578934526,40.48589069403560
2200PeatonBici,16,48871,4598,19/10/2007,-3.64774571655214,40.48577078357030
2200PeatonBici,16,48875,4740,19/10/2007,-3.64699832949935,40.48620644071350
2200PeatonBici,16,48876,4740,19/10/2007,-3.64689598811292,40.48618647843200
2200PeatonBici,16,48879,4740,19/10/2007,-3.64620760973074,40.48599740883620
2200PeatonBici,16,48880,4740,19/10/2007,-3.64611282084705,40.48597207937290
2200PeatonBici,16,48884,2033,19/10/2007,-3.64605187672056,40.48549947787380
2200PeatonBici,16,48885,2033,19/10/2007,-3.6461197966128,40.48537579764910
2200PeatonBici,15,48960,254,27/10/1967,-3.6578873053809,40.43503031474060
2200PeatonBici,15,48963,254,27/10/1967,-3.65811438039292,40.43470874647740
2200PeatonBici,10,49254,939,02/01/1980,-3.75785267968866,40.39762016317040
2200PeatonBici,10,49255,939,02/01/1980,-3.75786883048738,40.39758422729170
3200Bici,11,49403,647,29/01/1975,-3.72192948017414,40.38528513070360
2200PeatonBici,20,49518,1984,27/02/2007,-3.60809572979047,40.43434517756550
2200PeatonBici,2,49656,859,01/01/1978,-3.71003388488571,40.39917138564280
2200PeatonBici,2,49657,859,01/01/1978,-3.71001983472336,40.39911080889970
2200PeatonBici,16,49701,2156,16/04/2013,-3.65656461978301,40.49916220858520
2200PeatonBici,16,49702,2156,16/04/2013,-3.65662821271452,40.49910414093360
2200PeatonBici,16,49703,2156,16/04/2013,-3.65670250015482,40.4990358753524
2200PeatonBici,16,49704,2156,16/04/2013,-3.65676721672088,40.49897544100580
3200Bici,1,50280,116,24/02/2025,-3.70843367702239,40.41606309154440
3200Bici,1,50281,31,01/01/1960,-3.69826163144743,40.41811294859680
3200Bici,1,50282,30,01/01/1960,-3.69703041153563,40.41849976281750
3100Bici,1,50283,29,01/01/1960,-3.69384927734215,40.41905519725410
3200Bici,1,50284,29,01/01/1960,-3.69407147816358,40.41905891989620
2200PeatonBici,11,50555,1328,23/07/1992,-3.72185267261761,40.37347229808480
2200PeatonBici,11,50556,1328,23/07/1992,-3.72188388646817,40.37345544417260
2200Bici,11,50587,1913,11/11/2005,-3.74333137974935,40.38238147597610
2200PeatonBici,17,50613,1517,18/02/1998,-3.7026261324021,40.35852277679130
3200Bici,17,51051,783,10/09/2014,-3.69365770164385,40.35080625869280
2200PeatonBici,2,51387,2209,17/02/2015,-3.70556311051333,40.39723210287690
2200PeatonBici,2,51377,2208,09/02/2015,-3.71743019169052,40.41306268476100
2200PeatonBici,2,51376,2208,09/02/2015,-3.71743931563505,40.41304058064200
3100Bici,15,51445,1104,14/06/1985,-3.63536272813503,40.42306078611
2200PeatonBici,17,51719,2223,18/09/2015,-3.68128038382937,40.35630559369940
2200PeatonBici,17,51720,2223,18/09/2015,-3.68134157945128,40.3563126419368
2200PeatonBici,17,51736,2222,18/09/2015,-3.68147974839336,40.35704475570480
2200PeatonBici,8,51853,843,29/10/2015,-3.74080105146811,40.47663142904180
2200PeatonBici,8,51854,843,29/10/2015,-3.74079178870675,40.47665269466040
3200Bici,1,52157,29,01/01/1960,-3.69391918477483,40.41903859106890
3100Bici,15,52378,1446,26/01/1996,-3.65242777019984,40.42521870708140
3100Bici,15,52379,665,09/06/1975,-3.65039028396047,40.42661578125210
3100Bici,15,52381,620,13/05/1974,-3.64786704663856,40.42711870041010
3100Bici,15,52382,722,10/03/1977,-3.65642198724331,40.42228617133190
3100Bici,15,52383,722,10/03/1977,-3.65593024721125,40.42270267921110
3100Bici,15,52388,1028,27/09/1981,-3.6537617171647,40.42423881517740
3100Bici,15,52389,629,21/08/1974,-3.65144645934233,40.4258808197789
3100Bici,15,52390,312,11/07/1968,-3.64048806663752,40.4416767338496
3100Bici,14,52391,2082,12/09/2009,-3.64898846773408,40.41238617163630
3100Bici,14,52394,1123,03/06/1986,-3.64754467810123,40.4120985277715
3100Bici,15,52380,665,09/06/1975,-3.64977012753833,40.42682638532280
2200Bici,10,52636,242,06/11/2014,-3.72390662362348,40.41392680468950
2200PeatonBici,16,53116,2263,15/03/2017,-3.65533314467456,40.49806770886350
2200PeatonBici,16,53117,2263,15/03/2017,-3.65512928539616,40.4982562257713
2200PeatonBici,16,53121,2263,15/03/2017,-3.65519314267575,40.49819559660830
2200PeatonBici,16,53122,2263,15/03/2017,-3.65526392137978,40.49812877846040
2200PeatonBici,16,53126,2262,15/03/2017,-3.65776195951785,40.49956656713680
2200PeatonBici,16,53127,2262,15/03/2017,-3.65772266297658,40.49960194076140
2200PeatonBici,16,53128,2262,15/03/2017,-3.65742582552977,40.49974118596200
2200PeatonBici,16,53129,2262,15/03/2017,-3.65746292079264,40.49970610615070
3200Bici,7,19041,480,25/03/2017,-3.69908350635988,40.43561918904810
3200Bici,7,53232,480,30/11/1971,-3.6991578021012,40.43566862145320
3200Bici,7,53234,247,16/09/1967,-3.69965408877418,40.43681001529250
3200Bici,7,53371,79,01/01/1960,-3.70029448015086,40.4383524013909
3200Bici,7,53341,1236,31/10/1990,-3.69824988095139,40.43354652265340
3200Bici,7,53342,1236,31/10/1990,-3.69820550187327,40.4334294737458
3200Bici,7,53343,476,25/11/1971,-3.69876788096867,40.43468425238700
3200Bici,7,53344,476,25/11/1971,-3.69891295546417,40.43522870614320
3200Bici,7,53366,251,21/10/1967,-3.69781875322029,40.4326654373563
3200Bici,7,53367,251,21/10/1967,-3.69759546848933,40.43212415619340
3200Bici,7,53370,247,16/09/1967,-3.69956690868614,40.43661914740320
3200Bici,7,19161,79,10/05/2017,-3.7004391981138,40.43876667658170
3200Bici,7,53374,79,01/01/1960,-3.70047035375667,40.43876914771870
3200Bici,1,53380,36,24/04/1967,-3.69595242673057,40.42823250276180
3200Bici,7,53407,234,12/07/1967,-3.69695733865593,40.43071703350080
3200Bici,7,53409,235,12/07/1967,-3.69659170150992,40.42984336450770
3200Bici,7,53414,235,12/07/1967,-3.69650814810419,40.42963539622340
3200Bici,7,53420,79,01/01/1960,-3.7002744043576,40.43829034921070
3200Bici,7,53422,472,19/11/1971,-3.70083598144508,40.43954922633650
3200Bici,7,53423,472,19/11/1971,-3.70075673994024,40.43950089957000
3200Bici,7,53424,472,19/11/1971,-3.70125791228719,40.4405284908508
3200Bici,7,19834,188,02/06/2017,-3.70176620326498,40.44181733453550
3200Bici,7,53439,188,06/09/1966,-3.70198399776561,40.44226763664050
3200Bici,7,53438,188,06/09/1966,-3.70192607955387,40.44221648463220
3200Bici,7,20931,279,20/06/2017,-3.70323319568471,40.44523138019620
3200Bici,7,53459,279,09/01/1968,-3.70342346945472,40.44549854179660
3200Bici,7,53461,281,19/01/1968,-3.7029472211882,40.44441506192720
3200Bici,7,53462,281,19/01/1968,-3.70282953024462,40.44416645581090
2200PeatonBici,7,53467,281,19/01/1968,-3.70293264434049,40.44436706011430
3200Bici,7,53469,280,09/01/1968,-3.70234288908129,40.44306646514300
3200Bici,7,53470,280,09/01/1968,-3.70245238096353,40.44329267113650
3100Bici,20,53489,663,25/05/1975,-3.62865071205387,40.42403426886000
3100Bici,15,53656,1104,14/06/1985,-3.63297893143354,40.42315439940190
3200Bici,11,53697,2272,09/08/2017,-3.71907609415805,40.38526043060380
3200Bici,11,53698,2272,09/08/2017,-3.72007182432021,40.38526856519550
3200Bici,11,53705,2272,09/08/2017,-3.72015094254345,40.38526917898690
2200PeatonBici,20,53793,2278,16/09/2017,-3.60339224205882,40.43790591401060
2200PeatonBici,20,53795,2278,16/09/2017,-3.60330693083949,40.43801308410770
3200Bici,11,53824,253,26/10/1967,-3.71826112641322,40.38525409810300
3200Bici,11,53825,647,29/01/1975,-3.72200826214207,40.38528920274670
3200Bici,11,53826,346,12/04/1969,-3.72378032079423,40.38549502903650
3200Bici,11,53828,598,28/09/1973,-3.72966281793707,40.38726772266570
3200Bici,11,53830,598,28/09/1973,-3.72923518020497,40.38698891185460
3200Bici,11,53834,320,16/09/1968,-3.72775543370107,40.38633928688720
3200Bici,11,53838,128,23/11/1964,-3.72607703832572,40.38583059554270
3200Bici,11,53839,128,23/11/1964,-3.72615567088574,40.38584730266740
3200Bici,11,53841,128,23/11/1964,-3.72579585587225,40.38579159709430
3200Bici,1,54146,36,01/01/1960,-3.69592564135355,40.42816961586260
2200PeatonBici,8,54282,2238,25/04/2018,-3.72560437269353,40.49314710869750
2200PeatonBici,8,54283,2238,25/04/2018,-3.72550718104244,40.49323301884430
3100Bici,15,54490,2057,27/08/2008,-3.64841662988299,40.43720335301790
3200Bici,1,54492,39,12/07/2018,-3.71114472547933,40.42313820729880
2200PeatonBici,13,54657,4531,23/10/2018,-3.6557534086642,40.37522324728600
2200PeatonBici,13,54658,4531,23/10/2018,-3.65571165665087,40.37529604812310
2200PeatonBici,13,54659,4531,23/10/2018,-3.65568524671954,40.37534258587040
2200PeatonBici,13,54660,4531,23/10/2018,-3.65573081745973,40.37526147981810
2200PeatonBici,18,54888,710,20/09/1976,-3.64535679927669,40.36924500623310
2200PeatonBici,18,54889,710,20/09/1976,-3.64527215024519,40.36927992856230
2200PeatonBici,18,54890,710,20/09/1976,-3.64513674693904,40.36933950896280
2200PeatonBici,18,54891,710,20/09/1976,-3.64505168517939,40.36937573343250
2200PeatonBici,4,54911,4545,30/03/1971,-3.66840494824608,40.42680574110880
2200PeatonBici,4,54912,4545,30/03/1971,-3.66867737352011,40.42686612573120
2200PeatonBici,4,54913,4545,30/03/1971,-3.66835954667943,40.42679358832670
2200PeatonBici,4,54914,4545,30/03/1971,-3.66863584943415,40.42686342345740
3200Bici,2,55002,2209,,-3.70696550837144,40.3974700779942
3100Bici,2,55003,2209,,-3.7068682128086,40.39743774376710
3100Bici,2,55053,4553,,-3.70198637271676,40.39597190116490
3200Bici,2,55054,4553,,-3.70208523913698,40.3959981757763
3200Bici,2,55055,859,,-3.71108229770884,40.3995863529755
3100Bici,2,55056,859,,-3.71098464112251,40.39955933647780
3200Bici,2,55057,859,,-3.71142494242984,40.39970769709740
2200PeatonBici,2,55081,1920,26/02/2019,-3.72067008127248,40.40457209262400
2200PeatonBici,2,55082,1920,26/02/2019,-3.72067097650951,40.40461228130540
3200Bici,2,55083,776,01/01/1978,-3.72056824398545,40.40423459673720
2200PeatonBici,2,55091,4554,05/08/1970,-3.69697626867859,40.39244777739530
2200PeatonBici,2,55092,4554,05/08/1970,-3.69695596517134,40.39256570346520
3100Bici,2,55098,413,05/08/1970,-3.698893572572,40.39376243893160
3200Bici,2,55099,413,05/08/1970,-3.69864424078397,40.3935744757271
3100Bici,2,55103,413,05/08/1970,-3.69812388677317,40.39321265096330
3100Bici,2,55105,342,17/02/1969,-3.69563793328759,40.39139145830690
3200Bici,2,55106,342,17/02/1969,-3.6956923517533,40.39144239239140
3100Bici,2,56374,856,01/01/1978,-3.71498455156417,40.40074062220820
3100Bici,2,55130,856,01/01/1978,-3.71399615385486,40.40041908505350
3200Bici,1,55134,201,14/11/1966,-3.72092545029695,40.4142705084285
3100Bici,1,55135,201,14/11/1966,-3.72094064429333,40.41426845106220
2200PeatonBici,2,55136,342,,-3.6955424577965,40.39151459803000
2200PeatonBici,17,55150,4550,,-3.70405469668677,40.35613478851610
3200Bici,14,55379,4552,,-3.65377336849896,40.41072114684750
3200Bici,14,55391,4552,,-3.65385627380046,40.4105026687688
3200Bici,14,55400,642,,-3.65260245449479,40.41051061768840
3200Bici,14,55407,635,11/11/1974,-3.65797406801575,40.41051207705240
3200Bici,14,55409,4551,,-3.65106405067937,40.41010055733250
3200Bici,14,55417,4551,,-3.65118502018284,40.40990189804530
3200Bici,14,55420,570,,-3.65001733325537,40.40955539880780
3200Bici,14,55423,570,,-3.64956789853626,40.40966236476480
3200Bici,14,55425,570,,-3.64967855888205,40.40945863570320
2200PeatonBici,14,55434,599,26/10/1973,-3.65504528453761,40.41068704510210
2200PeatonBici,14,55436,599,26/10/1973,-3.65505581479884,40.41060833234370
2200PeatonBici,14,55437,599,26/10/1973,-3.65513659900537,40.41072201754080
3200Bici,14,55438,675,,-3.64757931400754,40.40872096328620
3200Bici,14,55446,675,,-3.64780167400621,40.40906105252540
3200Bici,14,55450,1344,,-3.6432628539551,40.409048844589
2200PeatonBici,14,55468,676,,-3.64597657688086,40.40833737132010
2200PeatonBici,14,55469,676,,-3.64598781398045,40.40827335912020
2200PeatonBici,14,55470,676,,-3.6461164462104,40.40809615036930
2200PeatonBici,1,55518,31,01/01/1960,-3.69838472431379,40.41829047190260
2200PeatonBici,12,55541,4568,,-3.7027685652782,40.37330664343480
2200PeatonBici,12,55542,4568,,-3.70262695593361,40.37328618425540
2200PeatonBici,6,55674,109,18/11/2019,-3.69080219710873,40.45907289119070
2200PeatonBici,6,55675,109,04/05/2020,-3.69080020815458,40.45910732871520
2200PeatonBici,1,55691,31,,-3.6983264465627,40.41820122578810
2200PeatonBici,20,56030,10025,,-3.60189470143798,40.43089045443850
2200PeatonBici,20,56031,10025,,-3.60201216708594,40.4308750331471
3200Bici,2,56315,776,01/01/1978,-3.72047597962236,40.40378474668410
3100Bici,2,56316,776,01/01/1978,-3.72056515848648,40.40390698716700
3200Bici,2,56317,776,01/01/1978,-3.72067370192479,40.4038739763765
3200Bici,2,56318,776,01/01/1978,-3.72015099513812,40.40394946676590
3200Bici,2,56319,776,01/01/1978,-3.72007508497131,40.40399713546170
3100Bici,2,56320,776,01/01/1978,-3.72052522281349,40.40415282168330
3100Bici,2,56331,1839,03/09/2004,-3.71697790499461,40.40122352616460
3200Bici,2,56332,1839,03/09/2004,-3.71648132496706,40.40107429778180
3200Bici,2,56370,1839,03/09/2004,-3.7168446791249,40.40117458842730
3100Bici,2,56373,1839,03/09/2004,-3.71705089893904,40.40124519075000
3200Bici,2,55129,856,01/01/1978,-3.71409765581609,40.40042279927660
2200PeatonBici,9,56383,418,19/11/2020,-3.72665976717863,40.44181632008310
2200PeatonBici,9,56385,418,19/11/2020,-3.7266541119819,40.44178372081510
2200PeatonBici,2,56391,775,,-3.71648043496384,40.40435615201820
3200Bici,2,56395,775,,-3.71651901073022,40.40433829992040
3200Bici,2,56396,775,,-3.71649786290369,40.40437696556000
2200PeatonBici,2,56516,776,,-3.72041299429122,40.40388134909650
3200Bici,2,56519,1875,,-3.71898432860079,40.40407149465310
3200Bici,2,56521,1875,,-3.71891241596625,40.40412043165300
3200Bici,2,56527,1875,,-3.71857809007707,40.40415787909420
3200Bici,2,56532,1875,,-3.71865421983631,40.40410853308630
2200PeatonBici,2,56537,4602,,-3.71747562704523,40.40420768304010
2200PeatonBici,2,56538,4602,,-3.71742951025157,40.40421205770210
3200Bici,2,56546,4602,,-3.71756984168332,40.40426287076070
3200Bici,2,56547,4602,,-3.71764340570418,40.40421679050910
3200Bici,2,56548,4602,,-3.71727044498787,40.40425677675100
3200Bici,2,56553,4602,,-3.71719562790994,40.40430560637610
3100Bici,2,56791,342,17/02/1969,-3.69566485578351,40.39114573155530
3200Bici,9,56797,100,27/02/1962,-3.71160578939397,40.42434298919330
2200PeatonBici,9,56903,4588,,-3.71411229289645,40.42141229638310
2200PeatonBici,18,57002,1797,,-3.6040401554415,40.37536958083230
2200PeatonBici,18,57003,1797,,-3.60389148344551,40.37536418931040
3200Bici,1,57152,510,25/05/1972,-3.71291645226645,40.42186537287550
2200PeatonBici,9,57213,4601,,-3.71495663557182,40.42347979936610
2200PeatonBici,9,57214,4601,,-3.71494797260663,40.42359421452990
3200Bici,1,57215,39,01/01/1960,-3.71069408265754,40.42338390013580
2200PeatonBici,1,57218,39,01/01/1960,-3.71074016030061,40.42340203766860
2200PeatonBici,4,57228,4649,,-3.68644673921018,40.43403725631520
2200PeatonBici,4,57245,4649,,-3.68653512421658,40.43404950262280
2200PeatonBici,5,57303,403,19/06/1970,-3.67948725273446,40.43920127294130
2200PeatonBici,5,57304,403,19/06/1970,-3.67945758340425,40.4392148086282
2200PeatonBici,5,57306,403,30/09/2020,-3.67934139811717,40.43928785253700
3200Bici,5,57309,403,30/09/2020,-3.67953164535433,40.43921533765270
3200Bici,5,57315,403,30/09/2020,-3.67918226503268,40.4393388239234
3200Bici,5,57343,403,19/06/1970,-3.67921423285852,40.4389349355707
3200Bici,5,57367,400,04/06/1970,-3.68077139207575,40.4408675104164
3200Bici,5,57378,400,04/06/1970,-3.68039732467769,40.44004404407690
3200Bici,5,57379,400,04/06/1970,-3.68105439384165,40.44067247107730
3200Bici,5,57418,400,04/06/1970,-3.68063290322691,40.44027594002660
3200Bici,5,57430,400,04/06/1970,-3.68011117970423,40.44023161474850
3200Bici,5,57433,400,04/06/1970,-3.68052771154248,40.4406376490861
3200Bici,5,57482,4655,,-3.68155608020478,40.44161447863440
3200Bici,5,57457,166,,-3.68313133416541,40.44266246713180
3200Bici,5,57458,166,21/03/1966,-3.68282916519101,40.44283519241190
3200Bici,5,57470,166,21/03/1966,-3.68254804180399,40.44210454755680
3200Bici,5,57472,166,21/03/1966,-3.68225533209132,40.44228383492300
3200Bici,5,57474,166,21/03/1966,-3.68248088310471,40.4424744119064
3200Bici,1,57590,30,01/01/1960,-3.69635406111934,40.4186612325231
3200Bici,1,57593,30,01/01/1960,-3.69647574816145,40.41859052262820
3200Bici,1,57598,30,01/01/1960,-3.69708847530515,40.41843536864230
3200Bici,13,57620,4652,05/02/1981,-3.62257005440995,40.38942822223720
3200Bici,13,57621,4652,05/02/1981,-3.62263633166472,40.38939224290120
2200PeatonBici,5,57628,4654,21/03/1966,-3.68372357129489,40.44348953759640
2200PeatonBici,5,57635,4654,21/03/1966,-3.68385638864192,40.44341018513560
3100Bici,1,57796,28,,-3.69535911153585,40.41886571940300
3200Bici,6,57870,795,18/02/2015,-3.69924736571522,40.45249519338420
3200Bici,6,57871,795,18/02/2015,-3.69916534033223,40.45253624875570
2200PeatonBici,6,57904,4690,30/12/1963,-3.6911048023316,40.44994938475030
2200PeatonBici,6,57940,111,31/08/2014,-3.68982520032636,40.45609083021890
3100Bici,6,57942,111,31/08/2014,-3.68979446974642,40.45622879287550
2200PeatonBici,6,57948,111,31/08/2014,-3.6906336460472,40.45634872314210
2200PeatonBici,6,57950,111,31/08/2014,-3.69061528780311,40.45586475413830
2200PeatonBici,17,57961,4713,,-3.7003171116412,40.36199212946010
2200PeatonBici,17,57962,4713,,-3.70030914850417,40.36201094504600
2200PeatonBici,17,57968,4714,,-3.70111272306204,40.36089107530820
2200PeatonBici,17,57982,4723,,-3.70205868929399,40.35923833388010
2200PeatonBici,17,57983,4723,,-3.70209327593057,40.35919667033280
2200PeatonBici,17,58032,4716,,-3.70320802994419,40.35760895592960
2200PeatonBici,17,58033,4716,,-3.70307547544557,40.35766488606480
2200PeatonBici,17,58034,4716,,-3.70304707396874,40.35770548316360
2200PeatonBici,6,58042,4693,30/12/1963,-3.69029942879519,40.46073331841060
2200PeatonBici,17,58052,4720,,-3.70480178092186,40.35453590811630
2200PeatonBici,17,58053,4720,,-3.70479043488725,40.35458759560040
2200PeatonBici,17,58067,4721,,-3.70509776984111,40.35379236637140
2200PeatonBici,6,58108,108,,-3.69002666440104,40.46357880955690
3200Bici,6,58114,4667,27/05/1968,-3.69851104364529,40.45249431283820
3200Bici,6,58115,4667,27/05/1968,-3.69868328029341,40.45245870781380
3200Bici,3,58127,318,23/04/2018,-3.67305201047656,40.40295747910080
3200Bici,3,58128,318,23/04/2018,-3.67298292567087,40.4030921794891
3200Bici,3,58129,318,23/04/2018,-3.67284452639899,40.40318691530070
3200Bici,3,58135,318,23/04/2018,-3.67279196125904,40.4033131752944
2200PeatonBici,5,58160,4692,04/05/2020,-3.6893164595938,40.46041262205900
3200Bici,3,58162,303,,-3.67185644623693,40.40434188232710
3200Bici,3,58163,303,,-3.67186235330745,40.40427253419370
3200Bici,6,58182,305,19/02/2015,-3.6964803590868,40.45232203863420
3200Bici,6,58183,305,19/02/2015,-3.6963183356951,40.45235817002230
3200Bici,6,58186,305,27/05/1968,-3.69724317059583,40.45236691942770
3200Bici,6,58187,305,19/02/2015,-3.69706120328618,40.45240280700040
3200Bici,6,58190,59,01/01/1960,-3.6915638223875,40.44641627777100
3200Bici,6,58191,59,01/01/1960,-3.69175970159418,40.44643312382060
3200Bici,6,58203,110,30/12/1963,-3.6902705301473,40.45160838995840
3200Bici,6,58204,110,30/12/1963,-3.69010613729697,40.45177567691050
2200PeatonBici,6,58207,110,30/12/1963,-3.69061819205499,40.45266628065340
2200PeatonBici,6,58208,110,30/12/1963,-3.69066307603408,40.4526689002851
2200PeatonBici,6,58209,110,30/12/1963,-3.69075687726518,40.45152874674370
2200PeatonBici,6,58210,110,30/12/1963,-3.6907113809412,40.45152602000140
3200Bici,6,58212,110,30/12/1963,-3.69098279473473,40.45264716705180
3200Bici,6,58213,110,30/12/1963,-3.69115387396791,40.45251652635470
3200Bici,6,58215,110,30/12/1963,-3.69157959800225,40.4520372520026
3200Bici,6,58216,110,05/09/2019,-3.6914942486326,40.45204231708040
2200PeatonBici,6,58217,110,05/09/2019,-3.6914679009334,40.45203647162060
2200PeatonBici,6,58218,110,30/12/1963,-3.69146803349618,40.45206011302980
3200Bici,6,58219,794,24/11/2014,-3.69292601698389,40.45211004713970
3200Bici,6,58224,794,24/11/2014,-3.69274422396775,40.45214274477430
3200Bici,7,58231,247,25/03/2017,-3.69962728132537,40.43686111110840
3200Bici,7,58235,247,16/09/1967,-3.69970595983623,40.43690919631020
3200Bici,6,58253,109,30/12/1963,-3.68959449531351,40.45856060119840
3200Bici,6,58254,109,30/12/1963,-3.68942952549724,40.45870731207340
2200PeatonBici,6,58257,109,04/05/2020,-3.69005545299835,40.4584768798403
2200PeatonBici,6,58258,109,04/05/2020,-3.69010087936724,40.458478127174
2200PeatonBici,6,58267,109,30/12/1963,-3.68998462521513,40.45961440035030
2200PeatonBici,6,58268,109,30/12/1963,-3.68993806349636,40.45961213920120
3200Bici,6,58269,109,04/05/2020,-3.69030634595212,40.45958374519090
3200Bici,6,58270,109,04/05/2020,-3.69038174312176,40.45952297075390
2200PeatonBici,16,58275,4598,19/10/2007,-3.64769766275249,40.48586696390110
3100Bici,6,58330,306,04/12/2014,-3.69512540432737,40.45225362249180
3200Bici,6,58338,4668,04/12/2014,-3.6940181376116,40.45221960960530
3200Bici,6,58339,4668,04/12/2014,-3.694106551826,40.45217829791000
3200Bici,1,58382,29,17/03/2023,-3.6938067444663,40.41925608430490
3200Bici,3,58395,106,,-3.67488199079943,40.401038282609
2200PeatonBici,3,58400,106,,-3.67466230038058,40.40113006097960
2200PeatonBici,3,58401,106,,-3.67463611383724,40.40115820792710
3200Bici,3,58405,106,,-3.67448474636197,40.40146816363510
3200Bici,3,58412,4724,,-3.67108582413612,40.40513099423830
3200Bici,3,58413,4724,,-3.67103691717807,40.4052472010833
2200PeatonBici,3,58420,4724,,-3.67085411328388,40.40537843568340
2200PeatonBici,3,58421,4724,,-3.67083900928707,40.40539550692790
3200Bici,3,58432,4725,,-3.67389322259971,40.40205234042080
3200Bici,3,58433,4725,,-3.67388862978498,40.40212615193150
2200PeatonBici,3,58439,4725,,-3.67407437114173,40.40233742684490
2200PeatonBici,3,58440,4725,,-3.67376911349693,40.40217811536960
2200PeatonBici,3,58441,4725,,-3.67374382182637,40.40220525133640
2200PeatonBici,3,58442,4725,,-3.67393485213149,40.4021128933604
2200PeatonBici,3,58444,4725,,-3.67404222165486,40.40217090022020
2200PeatonBici,3,58445,4725,,-3.67410691154213,40.40220479018940
2200PeatonBici,3,58446,4725,,-3.67400473979997,40.40215124705390
2200PeatonBici,3,58447,4725,,-3.67389828841211,40.40209275175900
3200Bici,6,58468,108,14/04/2023,-3.68927970887863,40.46179590378820
3100Bici,6,58470,108,14/04/2023,-3.69004870344917,40.46222996925870
3200Bici,3,58478,144,,-3.67089790219581,40.40663671343030
3200Bici,3,58480,144,,-3.67078106705188,40.40655980205770
3200Bici,3,58481,144,,-3.67045462009296,40.40649342223840
3200Bici,3,58483,144,,-3.6702816401682,40.40602155344210
3100Bici,3,58486,144,,-3.67026454739682,40.40607487317450
3100Bici,6,58487,111,,-3.68983155961119,40.45584633526880
3200Bici,6,58501,795,18/02/2015,-3.6992921499529,40.45250394619210
3200Bici,2,58506,543,,-3.6796406688654,40.395778361574
3200Bici,2,58507,543,,-3.6796231352868,40.39584235565450
3200Bici,2,58523,4746,,-3.67778166635914,40.39636308842100
3200Bici,2,58527,4746,,-3.67788867896811,40.39628578665480
2200PeatonBici,16,58536,4598,19/10/2007,-3.64770724867879,40.48584668856540
2200PeatonBici,16,58549,4598,19/10/2007,-3.64747608094542,40.48595031040290
2200PeatonBici,16,58550,4598,19/10/2007,-3.64749683020567,40.48590795688460
2200PeatonBici,16,58774,1930,01/03/2006,-3.65081929935039,40.48696518698980
2200PeatonBici,16,58775,1930,01/03/2006,-3.6507970984452,40.48700670833030
2200PeatonBici,16,58788,1930,01/03/2006,-3.65099325495854,40.48689468793890
2200PeatonBici,16,58789,1930,01/03/2006,-3.65101655825521,40.48685198770250
2200PeatonBici,16,58871,4598,19/10/2007,-3.64773091163846,40.48580389610160
2200PeatonBici,16,58894,1936,08/03/2006,-3.65773378054354,40.49412643955040
2200PeatonBici,16,58895,1936,08/03/2006,-3.65775917735456,40.49414218187840
2200PeatonBici,16,58899,1931,01/03/2006,-3.65454868421323,40.49786926520530
2200PeatonBici,16,58901,1931,01/03/2006,-3.65458787950547,40.49783287940900
2200PeatonBici,3,58936,144,15/06/2023,-3.67042928834891,40.4061386776312
2200PeatonBici,3,58937,144,15/06/2023,-3.67039225744546,40.4061186569471
3100Bici,3,58950,4725,15/03/2023,-3.67387092173843,40.40210793754830
2200PeatonBici,16,59067,2262,15/03/2017,-3.65768548113965,40.49963578645400
2200PeatonBici,16,59068,2262,15/03/2017,-3.65767077533333,40.49964977488480
2200PeatonBici,16,59069,2262,15/03/2017,-3.65751563112964,40.49965784674230
2200PeatonBici,16,59070,2262,15/03/2017,-3.65750093893459,40.49967323667570
3100Bici,6,59093,111,12/09/2023,-3.69064238008815,40.45646781404220
3100Bici,6,59103,108,12/09/2023,-3.69008845947363,40.46205614436020
3200Bici,8,59116,988,,-3.71222406076442,40.48018992030340
2200PeatonBici,8,59119,988,,-3.71232919692226,40.48013943664150
3200Bici,8,59121,1083,04/05/2020,-3.70575407621556,40.4814880945849
3200Bici,8,59122,1083,04/05/2020,-3.70566102342512,40.48154395594930
3200Bici,8,59124,1083,04/05/2020,-3.70446226733417,40.4817727669146
3200Bici,8,59125,1083,04/05/2020,-3.70438116468298,40.48183838973160
2200PeatonBici,11,59141,2193,,-3.75004630438251,40.36255833298470
2200PeatonBici,11,59144,2194,,-3.74597357815743,40.36344181574500
3200Bici,8,59151,1172,11/05/2020,-3.69951880216315,40.48358829963030
3200Bici,8,59152,1172,11/05/2020,-3.69960703319989,40.48352425053400
2200PeatonBici,8,59153,1172,11/05/2020,-3.69954956861792,40.4835553842572
2200PeatonBici,8,59154,1172,11/05/2020,-3.69955335225003,40.48355983174540
2200PeatonBici,17,59189,1765,,-3.69299925250544,40.34554617834830
2200PeatonBici,17,59190,1765,,-3.69293885228844,40.34554318087880
3200Bici,17,59194,1765,,-3.69353252186133,40.34566864066560
3200Bici,17,59200,1765,,-3.69237209225494,40.34586475256730
2200PeatonBici,17,59204,1764,,-3.70501812359401,40.3412906097259
2200PeatonBici,17,59206,1764,,-3.70500958314537,40.34095662379660
2200PeatonBici,17,59210,1766,,-3.70673981796633,40.34094113064160
2200PeatonBici,17,59214,1766,,-3.70654892868319,40.34087319898150
3200Bici,17,59215,1778,,-3.68356328632415,40.35455414308900
3200Bici,17,59216,2222,,-3.68128960911996,40.356776718406
2200PeatonBici,16,59339,4792,27/10/2023,-3.62389310736011,40.4957323357619
2200PeatonBici,16,59340,4792,27/10/2023,-3.6237959322857,40.49573251844820
2200PeatonBici,16,59341,4792,27/10/2023,-3.62375070480701,40.49573276256230
2200PeatonBici,16,59344,4792,27/10/2023,-3.62365263730178,40.49573329181820
2200PeatonBici,16,59365,4792,27/10/2023,-3.62364798277448,40.49527896730880
2200PeatonBici,16,59366,4792,27/10/2023,-3.62374694520592,40.49527843322800
2200PeatonBici,16,59369,4792,27/10/2023,-3.62379351576098,40.49527818186660
2200PeatonBici,16,59370,4792,27/10/2023,-3.62388934679856,40.49527800643930
2200PeatonBici,16,59430,4790,27/10/2023,-3.62005624256293,40.49573239704360
2200PeatonBici,16,59448,4790,27/10/2023,-3.61990879088638,40.49531037937760
2200PeatonBici,16,59489,4788,27/10/2023,-3.61653709825638,40.49567282178780
2200PeatonBici,16,59490,4788,27/10/2023,-3.61653543228827,40.49560678580440
2200PeatonBici,16,59491,4788,27/10/2023,-3.6165361784901,40.49557234124640
2200PeatonBici,16,59498,4788,27/10/2023,-3.61653567039539,40.49551683384970
2200PeatonBici,16,59499,4788,27/10/2023,-3.61653534773744,40.49548158462680
2200PeatonBici,16,59504,4788,27/10/2023,-3.6165352479784,40.49541270400290
2200PeatonBici,16,59515,4788,27/10/2023,-3.61583152382542,40.49541767165720
2200PeatonBici,16,59516,4788,27/10/2023,-3.6158326806024,40.49548614146720
2200PeatonBici,16,59519,4788,27/10/2023,-3.61583299918819,40.49552098553130
2200PeatonBici,16,59520,4788,27/10/2023,-3.61583297227769,40.49557609059970
2200PeatonBici,16,59521,4788,27/10/2023,-3.61583382158664,40.49561093183520
2200PeatonBici,16,59526,4788,27/10/2023,-3.61583287029965,40.49568103360930
2200PeatonBici,16,59549,4786,27/10/2023,-3.61246761644843,40.49558870737170
2200PeatonBici,16,59570,4786,27/10/2023,-3.61239388508248,40.49509720553700
2200PeatonBici,16,59611,4784,27/10/2023,-3.60901637908068,40.4950548837876
2200PeatonBici,16,59612,4784,27/10/2023,-3.60901684704224,40.49498924161220
2200PeatonBici,16,59613,4784,27/10/2023,-3.60901599394408,40.49495358996910
2200PeatonBici,16,59616,4784,27/10/2023,-3.60901494302353,40.49489605946470
2200PeatonBici,16,59617,4784,27/10/2023,-3.60901515868847,40.49486121255570
2200PeatonBici,16,59622,4784,27/10/2023,-3.60901348180698,40.49479315058040
2200PeatonBici,16,59629,4784,27/10/2023,-3.60833225117704,40.49458482753730
2200PeatonBici,16,59630,4784,27/10/2023,-3.60842884856237,40.49458512939270
2200PeatonBici,16,59631,4784,27/10/2023,-3.60847395930702,40.49458489189140
2200PeatonBici,16,59636,4784,27/10/2023,-3.60854612917628,40.4945837015244
2200PeatonBici,16,59637,4784,27/10/2023,-3.60860663796465,40.49458419325610
2200PeatonBici,16,59638,4784,27/10/2023,-3.60869898963053,40.49458451724430
2200PeatonBici,16,59768,4778,27/10/2023,-3.60863953199326,40.48787495898260
2200PeatonBici,16,59770,4778,27/10/2023,-3.60854434487129,40.48787449979010
2200PeatonBici,16,59773,4778,27/10/2023,-3.60846174507271,40.48787493468680
2200PeatonBici,16,59774,4778,27/10/2023,-3.60840723180857,40.48787458138190
2200PeatonBici,16,59779,4778,27/10/2023,-3.60836153805309,40.48787578235330
2200PeatonBici,16,59780,4778,27/10/2023,-3.60827473380548,40.48787495866670
2200PeatonBici,16,59795,4778,27/10/2023,-3.6086331003631,40.48730225288730
2200PeatonBici,16,59796,4778,27/10/2023,-3.60854085771808,40.48730273862010
2200PeatonBici,16,59799,4778,27/10/2023,-3.608456173761,40.4873044650667
2200PeatonBici,16,59800,4778,27/10/2023,-3.60840123878287,40.4873037938329
2200PeatonBici,16,59801,4778,27/10/2023,-3.60835470973531,40.48730531934340
2200PeatonBici,16,59806,4778,27/10/2023,-3.60826582135968,40.48730578720030
2200PeatonBici,21,59888,4828,27/10/2023,-3.6171908316264,40.48259927416710
2200PeatonBici,21,59889,4828,27/10/2023,-3.61718971452884,40.48252308550160
3200Bici,21,59895,4828,27/10/2023,-3.61684865267313,40.4825021759773
3200Bici,21,59899,4828,27/10/2023,-3.61697451991417,40.48246564783670
2200PeatonBici,21,59955,4831,27/10/2023,-3.6145310345602,40.482148916037
2200PeatonBici,21,59956,4831,27/10/2023,-3.61453161146224,40.48216620082950
2200PeatonBici,21,59957,4831,27/10/2023,-3.6145336154503,40.48220204647620
2200PeatonBici,21,59958,4831,27/10/2023,-3.61453297661707,40.48226992072990
2200PeatonBici,21,59959,4831,27/10/2023,-3.61453497185121,40.48230480598580
2200PeatonBici,21,59960,4831,27/10/2023,-3.61453645264361,40.4823752301324
2200PeatonBici,21,59961,4831,27/10/2023,-3.61453468043773,40.48241077571070
2200PeatonBici,21,59962,4831,27/10/2023,-3.61453649466922,40.48242581290460
2200PeatonBici,21,59983,4829,27/10/2023,-3.60943704494794,40.48198252108410
2200PeatonBici,21,59985,4829,27/10/2023,-3.60943820827364,40.48206479237210
3200Bici,21,59989,4829,27/10/2023,-3.60976331692321,40.48208388707120
3200Bici,21,59990,4829,27/10/2023,-3.6096581548426,40.48213854644940
3200Bici,8,60052,1172,11/05/2020,-3.69906705372972,40.48343768495020
3100Bici,8,60127,1172,22/02/2024,-3.69951839618107,40.48357549633890
2200PeatonBici,9,60231,748,29/08/2024,-3.71569547153613,40.42253891212040
3200Bici,9,60232,748,29/08/2024,-3.71568005037785,40.42256460910000
3100Bici,8,60243,1083,24/09/2024,-3.70443772769644,40.48179478358630
2200PeatonBici,4,60313,270,28/10/2024,-3.68743778742681,40.42651827849290
2200PeatonBici,18,60554,4805,02/01/2025,-3.65468651840893,40.36718900465020
2200PeatonBici,18,60555,4805,02/01/2025,-3.65466861308699,40.36713528075960
2200PeatonBici,18,60556,4805,02/01/2025,-3.65459073962626,40.36700147505090
2200PeatonBici,18,60557,4805,02/01/2025,-3.65458615633286,40.36695559121860
3200Bici,2,60527,4834,19/12/2024,-3.72223366226358,40.40370221158140
3200Bici,2,60532,4834,19/12/2024,-3.72222369647404,40.40371237140760
2200PeatonBici,16,61021,4825,10/04/2025,-3.61326450046541,40.48779397523170
2200PeatonBici,16,61022,4825,10/04/2025,-3.61324912469812,40.48778566987220
2200PeatonBici,16,61025,4825,10/04/2025,-3.61308627636427,40.48769517604210
2200PeatonBici,16,61026,4825,10/04/2025,-3.61301135379837,40.48765303966030
2200PeatonBici,16,61029,4825,10/04/2025,-3.61297271567398,40.48763197769270
2200PeatonBici,16,61032,4825,10/04/2025,-3.61289385670614,40.48758836444250
2200PeatonBici,16,61034,4825,10/04/2025,-3.61283589010334,40.48755572310830
2200PeatonBici,16,61035,4825,10/04/2025,-3.61281853391381,40.48754533145540
2200PeatonBici,16,61039,4825,10/04/2025,-3.61242240278111,40.48772924827610
2200PeatonBici,16,61040,4825,10/04/2025,-3.61231125235529,40.48784485820100
2200PeatonBici,16,61050,4825,10/04/2025,-3.61270256442871,40.48838194520130
2200PeatonBici,16,61051,4825,10/04/2025,-3.61268639310614,40.48837244585030
2200PeatonBici,16,61055,4825,10/04/2025,-3.61252709381592,40.48828402916450
2200PeatonBici,16,61056,4825,10/04/2025,-3.61244941669706,40.48824100842080
2200PeatonBici,16,61059,4825,10/04/2025,-3.61233546609681,40.48817811105180
2200PeatonBici,16,61060,4825,10/04/2025,-3.61227513459072,40.48814428383470
2200PeatonBici,16,61061,4825,10/04/2025,-3.61225936384615,40.48813568090260
2200PeatonBici,16,61064,4825,10/04/2025,-3.61241155755245,40.48821934307240
2200PeatonBici,17,61140,4713,,-3.70031693072869,40.36199260331400
2200PeatonBici,17,61141,4722,,-3.70532265187741,40.35190077201150
2200PeatonBici,17,61142,4722,,-3.70533714035904,40.35278937383690
2200PeatonBici,2,39732,463,28/05/2025,-3.71103938225018,40.40243537402310
2200PeatonBici,13,61180,1603,07/05/2025,-3.63022591651617,40.38289580341580
2200PeatonBici,13,61181,1603,07/05/2025,-3.63018022867366,40.38289256091590
2200PeatonBici,13,61182,1603,07/05/2025,-3.6301267989532,40.38289145547630
2200PeatonBici,2,39733,463,28/05/2025,-3.71121481709555,40.40248638518130
2200PeatonBici,20,48128,1156,13/11/1987,-3.62316573864796,40.41844619882170
2200PeatonBici,20,48134,1156,13/11/1987,-3.62389413270974,40.4181833454054
2200PeatonBici,20,48139,1156,13/11/1987,-3.62437601982427,40.41779971706900
2200PeatonBici,16,28797,1267,21/05/1991,-3.61685635102215,40.45868375122130
2200PeatonBici,16,28798,1267,21/05/1991,-3.61706017484916,40.45869078092280
3200Bici,5,56988,166,,-3.68288667559693,40.44245678252310
2200PeatonBici,9,54584,573,08/06/1973,-3.73673484466821,40.43410336589830
2200PeatonBici,9,54585,573,08/06/1973,-3.73669120716772,40.43414497519580
3200Bici,9,57244,4601,,-3.71490754870016,40.42367931526550
