anyo;trimestre;barrio;num_viviendas;metros_2;dormitorios;banyos;renta_min;renta_media;renta_max;euros_m2;desv_tipica
2012;2;Alipark;4;103;3;1,8;375;465;520;4,6;63
2012;2;Altozano;32;101;3;1,5;375;484;600;4,9;67
2012;2;Benalúa;66;91;2,8;1,4;300;482;900;5,5;112
2012;2;Benisaudet;2;93;2,5;2;530;540;550;5,8;14
2012;2;Cabo de las Huertas;24;118;3,1;1,8;450;711;1200;6,3;163
2012;2;Campoamor;22;92;2,8;1,6;350;458;550;5,1;50
2012;2;Carolinas Altas;29;82;2,6;1,4;299;421;600;5,4;83
2012;2;Carolinas Bajas;22;80;2,4;1,3;350;439;575;5,6;60
2012;2;Casco Antiguo - Sta. Cruz;16;80;2,1;1,6;350;524;750;7,1;122
2012;2;Centro;126;98;2,6;1,5;310;568;900;6,2;125
2012;2;Centro Histórico - Tradicional;28;92;2,2;1,5;310;576;1000;6,8;210
2012;2;Ciudad de Asís;4;83;2,8;1,5;350;440;550;5,4;86
2012;2;Florida Alta;13;86;2,6;1,4;310;431;600;5;82
2012;2;Florida Baja;27;97;2,9;1,3;300;464;600;4,9;78
2012;2;Garbinet;2;80;2,5;1;350;440;530;5,5;127
2012;2;Gran Vía - Parque Avenidas;20;105;2,8;1,7;350;618;800;6;108
2012;2;Juan XXIII 1er sector;2;81;3;1;350;375;400;4,7;35
2012;2;La Albufereta;27;95;2,1;1,4;350;598;1100;6,6;220
2012;2;Los Ángeles;21;90;2,7;1,7;400;452;550;5,1;57
2012;2;Mercado;20;90;2,6;1,6;399;503;700;6,1;84
2012;2;PAU I;12;102;2,7;1,9;520;645;950;6,4;117
2012;2;Pla del Bon Repós;36;78;2,4;1,1;325;414;575;5,6;55
2012;2;Playa de San Juan;73;138;2,7;2;400;696;1200;6;221
2012;2;Polígono de Babel;32;104;3,1;1,8;400;597;820;7,1;107
2012;2;Polígono de San Blas;22;98;2,8;1,7;400;531;700;5,6;100
2012;2;Raval Roig;4;100;2,8;1,8;450;563;800;5,8;160
2012;2;San Agustín;11;67;3;2;400;461;495;6,9;31
2012;2;San Antón;4;65;1,5;1;380;455;550;7,2;70
2012;2;San Blas;57;95;2,8;1,5;350;477;690;5,3;81
2012;2;San Gabriel;20;114;3,1;1,7;330;567;850;5,3;136
2012;2;Sidi Ifni - Nou Alacant;2;110;3,5;1;325;453;580;4,5;180
2012;2;Tómbola;7;99;3,3;1,9;440;531;600;5,5;55
2012;2;Urbanova;7;95;2,6;1,9;400;557;650;6,4;110
2012;2;Virgen del Remedio;2;79;3;1;290;295;300;3,8;7
2012;3;Alipark;10;92;3,2;1,4;350;448;575;5;61
2012;3;Altozano;36;99;3;1,6;375;466;600;5;65
2012;3;Benalúa;42;93;2,9;1,6;330;488;700;6,6;89
2012;3;Benisaudet;4;94;2,5;1,8;380;558;800;6,4;161
2012;3;Cabo de las Huertas;19;140;2,9;2,2;400;815;1600;8,4;360
2012;3;Campoamor;36;87;2,8;1,3;310;425;550;5,2;52
2012;3;Carolinas Altas;36;84;2,6;1,3;299;414;550;5,3;55
2012;3;Carolinas Bajas;31;85;2,3;1,2;315;406;550;5,2;55
2012;3;Casco Antiguo - Sta. Cruz;10;74;1,9;1,1;350;478;700;7,4;108
2012;3;Centro;143;101;2,8;1,7;340;571;900;6,2;137
2012;3;Centro Histórico - Tradicional;14;93;2,5;1,5;350;568;850;7,1;151
2012;3;Ciudad de Asís;8;116;2,5;1,5;300;435;550;4,3;87
2012;3;Florida Alta;17;89;2,8;1,6;350;443;600;5,4;68
2012;3;Florida Baja;11;87;2,8;1,6;350;476;600;5,7;75
2012;3;Gran Vía - Parque Avenidas;31;103;2,8;1,8;350;585;815;6;118
2012;3;La Albufereta;36;100;2,3;1,6;360;540;800;6,5;127
2012;3;La Goteta;2;129;3,5;2;375;588;800;4,7;213
2012;3;Los Ángeles;14;91;2,7;1,5;350;444;600;5;69
2012;3;Mercado;15;110;2,9;1,7;440;634;1200;6,2;193
2012;3;PAU I;8;105;2,7;2;600;623;685;6,2;32
2012;3;PAU II;3;97;2,7;2;550;617;650;6,4;47
2012;3;Pla del Bon Repós;57;82;2,6;1,4;300;423;650;5,3;74
2012;3;Playa de San Juan;131;129;2,7;2;390;704;1300;6,4;227
2012;3;Polígono de Babel;34;95;2,6;1,7;390;543;750;6;90
2012;3;Polígono de San Blas;3;102;3;2;500;600;650;5,9;71
2012;3;Raval Roig;2;85;1,5;1,5;400;600;800;7,3;200
2012;3;San Antón;8;81;2,3;1,5;340;499;600;6,4;73
2012;3;San Blas;74;101;3,1;1,8;320;518;800;5,4;103
2012;3;San Gabriel;17;104;2,6;1,8;420;585;800;5,7;121
2012;3;Santa Faz;2;100;3;1,5;450;463;475;4,6;13
2012;3;Sidi Ifni - Nou Alacant;5;103;2,8;1,6;360;492;650;4,8;113
2012;3;Tómbola;4;101;3;1,8;395;481;580;4,8;68
2012;3;Urbanova;3;67;1,7;1,3;400;467;500;7;47
2012;3;Villafranqueza;5;90;2,2;1,6;350;400;500;5;52
2012;3;Virgen del Remedio;20;91;3;1,1;270;329;370;3,7;28
2012;3;Vistahermosa;2;123;2,5;2;680;740;800;6,2;60
2012;4;Alipark;12;101;3,6;1,8;360;493;650;4,9;100
2012;4;Altozano;26;106;3,2;1,5;320;456;550;4,7;62
2012;4;Benalúa;45;89;2,8;1,5;250;468;800;5,4;109
2012;4;Benisaudet;3;85;2;1,7;400;467;500;6;47
2012;4;Cabo de las Huertas;24;116;2,5;1,8;300;653;1400;6;253
2012;4;Campoamor;34;96;2,9;1,5;320;464;550;5;55
2012;4;Carolinas Altas;25;80;2,5;1,2;300;404;550;5,2;57
2012;4;Carolinas Bajas;18;75;2,4;1,4;300;430;560;6;80
2012;4;Casco Antiguo - Sta. Cruz;16;68;1,8;1,1;325;502;700;8;88
2012;4;Centro;117;96;2,6;1,6;300;543;950;6,2;138
2012;4;Centro Histórico - Tradicional;23;84;2,4;1,5;350;497;700;6,6;87
2012;4;Ciudad de Asís;5;111;2,6;1,4;350;445;525;4,5;64
2012;4;Florida Alta;16;89;2,8;1,6;310;413;550;4,9;66
2012;4;Florida Baja;13;88;3;1,5;350;460;580;5,4;67
2012;4;Garbinet;3;71;2;1,3;300;450;550;6,5;108
2012;4;Gran Vía - Parque Avenidas;32;115;2,8;1,9;450;590;800;5,6;89
2012;4;Juan XXIII 1er sector;3;85;3;1,3;380;410;450;5,1;29
2012;4;Juan XXIII 2do Sector;2;103;2,5;1,5;300;400;500;3,8;100
2012;4;La Albufereta;42;80;2,1;1,3;300;508;700;6,6;98
2012;4;La Goteta;4;86;2,8;1,3;350;386;475;4,6;52
2012;4;Los Ángeles;22;94;3,1;1,5;350;449;600;4,8;66
2012;4;Mercado;12;96;2,8;1,8;350;495;600;5,6;66
2012;4;PAU I;8;87;2,1;1,8;500;584;700;6,9;63
2012;4;PAU II;5;93;3;1,8;500;540;600;5,8;37
2012;4;Pla del Bon Repós;44;82;2,4;1,2;315;408;600;5,2;62
2012;4;Playa de San Juan;113;100;2,4;1,7;300;606;1250;6,6;190
2012;4;Polígono de Babel;22;110;3,2;1,9;450;557;750;5,2;88
2012;4;Polígono de San Blas;2;106;3;2;450;525;600;5,2;75
2012;4;Raval Roig;10;70;2,5;1,2;375;481;800;7,3;124
2012;4;San Agustín;4;103;2,5;2;390;475;550;4,9;59
2012;4;San Antón;10;80;1,7;1,4;325;472;650;6,3;96
2012;4;San Blas;52;93;2,8;1,5;350;477;700;5,3;95
2012;4;San Gabriel;21;109;3;1,9;360;559;700;5,2;88
2012;4;Sidi Ifni - Nou Alacant;2;80;3;1;350;365;380;4,6;15
2012;4;Tómbola;5;106;3,4;1,8;395;494;575;4,7;66
2012;4;Urbanova;4;82;2;1,5;400;520;600;6,4;79
2012;4;Villafranqueza;6;82;2,5;1,7;300;399;450;4,9;58
2012;4;Virgen del Remedio;24;87;2,7;1,2;250;344;450;4;48
2012;4;Vistahermosa;2;120;3;1,5;425;513;600;5,2;88
2013;1;Alipark;7;94;2,9;1,6;350;467;600;5,1;96
2013;1;Altozano;20;97;3,1;1,4;320;425;520;4,6;60
2013;1;Benalúa;37;89;2,9;1,4;340;475;1000;5,4;145
2013;1;Cabo de las Huertas;20;124;2,3;1,7;340;646;1300;5,9;252
2013;1;Campoamor;23;81;2,7;1,3;280;410;550;5,2;61
2013;1;Carolinas Altas;28;85;2,6;1,3;300;394;500;4,7;46
2013;1;Carolinas Bajas;25;84;2,7;1,3;300;424;550;5,3;71
2013;1;Casco Antiguo - Sta. Cruz;16;71;1,8;1,3;300;479;750;7,6;126
2013;1;Centro;113;107;2,8;1,7;300;572;1100;5,8;161
2013;1;Centro Histórico - Tradicional;27;92;2,3;1,5;320;587;1200;6,6;233
2013;1;Ciudad de Asís;4;118;3;1,3;375;419;450;3,9;32
2013;1;Florida Alta;20;88;2,8;1,3;300;418;500;4,9;59
2013;1;Florida Baja;13;86;2,5;1,2;350;425;550;5;67
2013;1;Garbinet;4;87;2,3;1,5;450;487;500;5,9;22
2013;1;Gran Vía - Parque Avenidas;31;101;2,7;1,9;360;560;800;5,8;90
2013;1;Juan XXIII 1er sector;3;73;2,7;1;350;363;380;5;12
2013;1;La Albufereta;38;77;2,1;1,4;300;515;850;7,1;131
2013;1;Los Ángeles;21;94;2,9;1,7;295;422;584;4,5;63
2013;1;Mercado;20;95;3;1,5;299;450;800;5;93
2013;1;PAU I;21;94;2,3;1,7;375;511;680;5,7;97
2013;1;PAU II;8;105;3,1;1,9;460;546;620;5,4;52
2013;1;Pla del Bon Repós;59;79;2,5;1,2;250;399;700;5,3;75
2013;1;Playa de San Juan;108;96;2,3;1,7;300;587;1200;6,5;161
2013;1;Polígono de Babel;14;112;3,1;1,9;350;556;700;5,1;91
2013;1;Polígono de San Blas;9;107;3,1;1,9;450;523;600;5,1;43
2013;1;Raval Roig;9;88;2,3;1,6;360;514;750;6,2;169
2013;1;San Agustín;2;116;2,5;1,5;375;538;700;4,6;163
2013;1;San Antón;16;107;2,3;1,6;280;463;600;5,6;81
2013;1;San Blas;63;90;2,6;1,5;350;441;600;5,1;68
2013;1;San Gabriel;27;112;3,3;1,9;350;565;800;5,1;108
2013;1;Sidi Ifni - Nou Alacant;2;68;3;1;350;370;390;5,8;20
2013;1;Tómbola;5;97;2,8;2,2;430;510;585;5,3;65
2013;1;Urbanova;7;82;2;1,6;375;532;800;6,4;137
2013;1;Villafranqueza;12;130;2,6;1,6;325;388;475;3,8;44
2013;1;Virgen del Remedio;6;89;2,7;1,5;300;360;420;4,3;40
2013;1;Vistahermosa;2;58;2;1;330;398;465;7,6;68
2013;2;Alipark;10;90;2,9;1,4;350;430;600;4,8;72
2013;2;Altozano;22;95;3;1,5;275;424;550;4,5;71
2013;2;Benalúa;60;91;2,9;1,5;250;433;1000;4,8;109
2013;2;Benisaudet;4;99;3,1;2;400;510;575;5,1;50
2013;2;Cabo de las Huertas;37;112;2,5;1,6;340;634;1300;5,7;227
2013;2;Campoamor;27;82;2,7;1,4;280;391;550;4,8;60
2013;2;Carolinas Altas;35;81;2,5;1,3;220;383;500;4,7;51
2013;2;Carolinas Bajas;32;78;2,4;1,3;250;395;550;5,1;67
2013;2;Casco Antiguo - Sta. Cruz;19;76;2;1,4;250;464;800;6,1;146
2013;2;Centro;118;100;2,7;1,7;280;552;1100;5,5;157
2013;2;Centro Histórico - Tradicional;49;85;2,3;1,5;250;503;1200;6;190
2013;2;Ciudad de Asís;8;89;2,7;1,3;300;386;450;4,4;49
2013;2;Ciudad Jardín;2;177;3;1,7;420;655;1100;3,7;314
2013;2;Florida Alta;20;84;2,8;1,2;299;412;500;4,9;57
2013;2;Florida Baja;21;84;2,6;1,4;300;425;600;5,1;72
2013;2;Garbinet;3;86;2,2;1,6;350;459;500;5,3;58
2013;2;Gran Vía - Parque Avenidas;28;99;2,8;1,9;360;555;800;5,6;82
2013;2;Juan XXIII 1er sector;4;83;3;1,3;300;344;380;4,2;31
2013;2;La Albufereta;56;77;2,1;1,4;250;503;850;6,5;122
2013;2;La Goteta;2;97;2;1,3;390;462;600;4,8;97
2013;2;Los Ángeles;30;91;2,8;1,6;250;409;584;4,5;63
2013;2;Mercado;31;93;2,9;1,5;299;454;800;4,9;89
2013;2;PAU I;20;99;2,5;1,9;375;549;700;5,5;93
2013;2;PAU II;7;108;3,2;1,9;460;538;620;5;44
2013;2;Pla del Bon Repós;60;76;2,5;1,2;250;375;700;5;69
2013;2;Playa de San Juan;160;90;2,3;1,7;250;552;1200;6,1;158
2013;2;Polígono de Babel;17;103;3,2;1,9;350;530;700;5,2;79
2013;2;Polígono de San Blas;12;101;3,1;1,7;340;483;600;4,8;74
2013;2;Raval Roig;11;75;2;1,5;350;462;750;6,2;130
2013;2;San Agustín;4;90;2,4;1,4;280;436;750;4,9;179
2013;2;San Antón;10;101;2,3;1,5;240;438;600;4,3;92
2013;2;San Blas;60;88;2,7;1,5;300;432;600;4,9;63
2013;2;San Gabriel;34;104;2,9;1,9;330;524;800;5;92
2013;2;Santa Faz;2;75;1,7;1,3;400;449;550;6;71
2013;2;Sidi Ifni - Nou Alacant;3;80;2,8;1,2;350;391;450;4,9;34
2013;2;Tómbola;4;96;3;2,1;430;499;585;5,2;55
2013;2;Urbanova;10;76;2;1,6;325;458;800;6,1;108
2013;2;Villafranqueza;9;112;2,6;1,6;300;408;900;3,6;127
2013;2;Virgen del Remedio;4;89;2,8;1,5;300;354;420;4;41
2013;2;Vistahermosa;4;116;2,9;1,9;330;634;950;5,5;205
2013;3;Alipark;12;94;3,3;1,5;350;446;650;4,7;87
2013;3;Altozano;25;100;3,1;1,5;275;436;550;4,4;72
2013;3;Benalúa;64;90;2,9;1,6;250;429;800;4,7;95
2013;3;Benisaudet;5;94;2,7;1,9;400;492;575;5,3;55
2013;3;Cabo de las Huertas;39;110;2,6;1,7;300;630;1400;5,7;229
2013;3;Campoamor;33;90;2,8;1,4;300;418;550;4,7;70
2013;3;Carolinas Altas;33;79;2,5;1,3;220;382;550;4,8;56
2013;3;Carolinas Bajas;29;74;2,3;1,4;250;390;560;5,2;69
2013;3;Casco Antiguo - Sta. Cruz;19;74;2;1,3;250;468;800;6,3;135
2013;3;Centro;120;95;2,6;1,6;280;533;1000;5,6;145
2013;3;Centro Histórico - Tradicional;48;81;2,3;1,5;250;470;900;5,8;144
2013;3;Ciudad de Asís;8;89;2,6;1,4;300;392;525;4,4;63
2013;3;Ciudad Jardín;1;208;3;1,5;450;765;1100;3,7;325
2013;3;Colonia Requena;1;68;2,5;1;270;277;290;4,1;10
2013;3;Florida Alta;18;84;2,8;1,4;299;405;550;4,8;60
2013;3;Florida Baja;21;84;2,8;1,5;300;432;600;5,1;73
2013;3;Garbinet;2;75;2;1,5;300;420;550;5,6;103
2013;3;Gran Vía - Parque Avenidas;29;107;2,8;1,9;450;566;800;5,3;83
2013;3;Juan XXIII 1er sector;4;87;3,1;1,4;300;358;450;4,1;48
2013;3;Juan XXIII 2do Sector;2;93;3;1,3;260;349;500;3,8;105
2013;3;La Albufereta;58;78;2,1;1,4;250;496;800;6,3;110
2013;3;La Goteta;3;79;2,3;1,2;350;384;475;4,9;43
2013;3;Los Ángeles;31;91;2,9;1,5;250;414;600;4,5;67
2013;3;Mercado;27;92;2,9;1,5;300;460;700;5;84
2013;3;PAU I;14;100;2,5;2;500;582;700;5,8;65
2013;3;PAU II;5;103;3,1;1,9;500;527;600;5,1;32
2013;3;Pla del Bon Repós;53;76;2,5;1,2;260;371;600;4,9;64
2013;3;Playa de San Juan;163;92;2,3;1,7;250;554;1250;6;170
2013;3;Polígono de Babel;21;104;3,2;1,9;390;529;750;5,1;81
2013;3;Polígono de San Blas;8;98;3,1;1,7;340;461;600;4,7;82
2013;3;Raval Roig;12;67;2;1,3;350;446;800;6,6;103
2013;3;San Agustín;5;90;2,4;1,6;280;427;750;4,8;142
2013;3;San Antón;7;80;1,9;1,4;240;430;650;5,4;106
2013;3;San Blas;55;90;2,8;1,5;300;443;700;4,9;82
2013;3;San Gabriel;31;103;2,8;1,9;330;512;700;5;80
2013;3;Santa Faz;2;72;1,5;1,3;400;432;550;6;65
2013;3;Sidi Ifni - Nou Alacant;3;85;2,8;1,2;350;385;450;4,5;34
2013;3;Tómbola;4;101;3,4;1,9;395;484;575;4,8;54
2013;3;Urbanova;9;74;1,9;1,5;325;437;600;5,9;76
2013;3;Villafranqueza;6;79;2,5;1,6;300;419;900;5,3;152
2013;3;Virgen del Remedio;13;87;2,7;1,2;250;339;450;3,9;47
2013;3;Vistahermosa;4;134;3,1;2;425;660;950;4,9;174
2013;4;Pla del Bon Repós;61;72;2,5;1,1;260;353;500;4,9;55
2013;4;Carolinas Altas;41;79;2,5;1,3;220;377;450;4,8;54
2013;4;Campoamor;31;83;2,8;1,4;300;378;500;4,6;56
2013;4;Carolinas Bajas;39;74;2,2;1,4;250;378;490;5,1;58
2013;4;Los Ángeles;39;90;2,8;1,6;250;403;550;4,5;62
2013;4;Benalúa;83;91;3;1,6;250;415;650;4,6;82
2013;4;San Blas;57;87;2,8;1,5;300;424;600;4,9;57
2013;4;Altozano;24;93;3;1,5;275;425;550;4,6;81
2013;4;Florida Baja;28;82;2,6;1,5;300;427;600;5,2;75
2013;4;Casco Antiguo - Sta. Cruz;22;79;2,1;1,5;250;454;800;5,7;162
2013;4;Mercado;42;91;2,9;1,5;300;458;700;5;88
2013;4;Centro Histórico - Tradicional;70;82;2,3;1,5;250;473;900;5,8;160
2013;4;San Gabriel;40;99;2,7;1,9;330;498;650;5;68
2013;4;La Albufereta;73;77;2,1;1,4;250;498;800;6,5;117
2013;4;Polígono de Babel;20;97;3,3;1,9;390;513;650;5,3;66
2013;4;Playa de San Juan;212;87;2,3;1,7;250;536;1000;6,2;154
2013;4;Centro;123;94;2,6;1,6;280;537;1000;5,7;151
2013;4;Gran Vía - Parque Avenidas;25;97;2,8;1,9;450;551;750;5,7;72
2013;4;Cabo de las Huertas;54;108;2,6;1,6;400;632;1300;5,9;219
2013;4;Florida Alta;19;80;2,7;1,2;299;408;500;5,1;56
2013;4;PAU I;19;106;2,7;2,1;500;592;700;5,6;67
2013;4;Polígono de San Blas;14;96;3,1;1,6;340;459;600;4,8;82
2013;4;Raval Roig;13;66;1,7;1,4;350;428;575;6,5;79
2013;4;Urbanova;13;72;1,9;1,5;325;419;500;5,8;60
2013;4;Alipark;12;87;3;1,3;350;409;500;4,7;43
2013;4;Ciudad de Asís;11;78;2,6;1,4;300;375;450;4,8;51
2013;4;Benisaudet;7;97;3;2;400;512;575;5,3;57
2013;4;San Agustín;6;81;2,3;1,3;280;403;750;5;187
2013;4;Villafranqueza;6;76;2,5;1,5;300;450;900;5,9;224
2013;4;Juan XXIII 1er sector;5;88;3,2;1,4;300;334;375;3,8;37
2013;4;PAU II;5;114;3,2;2;500;528;550;4,6;26
2013;4;Vistahermosa;5;139;3,2;2,2;550;730;950;5,3;179
2013;4;San Antón;4;80;2,3;1,3;240;343;430;4,3;78
2013;4;Santa Faz;3;75;1,7;1,3;400;450;550;6;87
2013;4;Sidi Ifni - Nou Alacant;3;88;2,7;1,3;370;407;450;4,6;40
2013;4;Tómbola;3;93;3,3;2;450;483;500;5,2;29
2013;4;Ciudad Jardín;2;208;3;1,5;450;775;1100;3,7;460
2013;4;La Goteta;2;65;1,5;1;390;395;400;6,1;7
2013;4;Virgen del Remedio;2;87;3;1,5;300;340;380;3,9;57
2014;1;Alipark;10;91;2,9;1,3;300;418;475;4,6;53
2014;1;Altozano;26;93;3;1,5;240;415;550;4,5;90
2014;1;Benalúa;53;86;2,8;1,4;280;431;900;5,3;90
2014;1;Benisaudet;9;110;3,4;1,9;400;498;575;4,6;60
2014;1;Cabo de las Huertas;55;90;2,3;1,5;320;591;1250;7;216
2014;1;Campoamor;43;92;3;1,4;275;389;550;4,3;57
2014;1;Carolinas Altas;35;89;2,7;1,2;240;363;480;4,3;49
2014;1;Carolinas Bajas;60;77;2,3;1,2;250;386;550;5,3;66
2014;1;Casco Antiguo - Sta. Cruz;21;72;2;1,3;295;458;800;7;138
2014;1;Centro Histórico - Tradicional;73;82;2,4;1,5;280;496;1200;6,4;167
2014;1;Ciudad de Asís;17;93;2,7;1,4;300;383;450;4,5;47
2014;1;Divina Pastora;2;185;4;2,5;400;625;850;3,4;225
2014;1;Ensanche - Diputación;116;99;2,8;1,6;280;528;1000;5,6;146
2014;1;Florida Alta;13;90;3,2;1,2;325;398;500;4,7;50
2014;1;Florida Baja;25;92;2,7;1,3;300;407;500;4,7;63
2014;1;Garbinet;2;78;2;1;390;445;500;5,7;55
2014;1;Gran Vía - Parque Avenidas;36;99;2,9;1,8;350;541;700;5,6;69
2014;1;Juan XXIII 1er sector;5;84;3;1;300;344;410;4,1;37
2014;1;La Albufereta;64;72;1,9;1,3;230;479;1000;7;127
2014;1;Los Ángeles;20;92;2,9;1,5;300;420;500;4,7;60
2014;1;Mercado;38;103;2,9;1,5;330;515;950;9,4;128
2014;1;PAU I;24;91;2,7;1,9;450;590;675;6,6;61
2014;1;PAU II;8;97;2,4;1,6;425;518;650;5,5;84
2014;1;Pla del Bon Repós;42;78;2,5;1,2;250;368;600;4,9;70
2014;1;Playa de San Juan;197;104;2,4;1,7;300;606;1200;7;205
2014;1;Polígono de Babel;39;100;3,1;1,9;390;539;800;5,5;86
2014;1;Polígono de San Blas;22;92;2,9;1,6;350;459;650;5,4;79
2014;1;Princesa Mercedes - San Fernando;11;80;2,6;1,3;300;370;450;4,7;58
2014;1;Raval Roig;4;57;1;1;350;425;475;7,5;53
2014;1;San Agustín;4;93;2;1,3;320;438;500;4,7;70
2014;1;San Antón;10;65;2,3;1,2;300;366;590;6,3;80
2014;1;San Blas;62;85;2,7;1,5;295;420;600;5,1;61
2014;1;San Gabriel;30;94;2,7;1,7;300;484;700;5,4;103
2014;1;Santa Faz;2;93;2,5;2;400;425;450;4,6;25
2014;1;Sidi Ifni - Nou Alacant;16;82;2,6;1;240;323;370;4,1;32
2014;1;Tómbola;5;105;3,2;2;450;480;500;4,6;24
2014;1;Vistahermosa;13;125;2,9;2,1;400;669;900;5,5;156
2014;1;Villafranqueza;3;84;2,3;1,3;270;357;450;4,5;74
2014;1;Virgen del Remedio;4;90;3,3;1,3;250;298;360;3,3;49
2014;2;Alipark;10;94;3,2;1,5;300;406;500;4,4;56
2014;2;Altozano;55;94;3,1;1,5;250;389;525;4,2;68
2014;2;Benalúa;62;87;2,7;1,5;280;437;700;5,3;86
2014;2;Benisaudet;2;115;3;2;450;480;510;4,2;30
2014;2;Cabo de las Huertas;54;124;2,8;1,7;400;703;1300;6,4;240
2014;2;Campoamor;6;67;1,5;1,2;300;435;550;6,8;83
2014;2;Carolinas Altas;40;82;2,6;1,4;250;380;550;4,9;66
2014;2;Carolinas Bajas;64;80;2,4;1,3;250;372;500;5;61
2014;2;Casco Antiguo - Sta. Cruz;39;76;2;1,2;330;589;1200;8,3;255
2014;2;Centro Histórico - Tradicional;56;94;2,5;1,5;283;548;900;6,1;124
2014;2;Ciudad de Asís;12;88;2,6;1,5;300;370;435;4,5;41
2014;2;Colonia Requena;6;79;3;1,5;225;251;280;3,5;22
2014;2;Divina Pastora;3;238;3,7;2,7;550;647;700;3;68
2014;2;El Palmeral;3;100;3;1,7;475;552;700;5,5;105
2014;2;Ensanche - Diputación;126;96;2,7;1,6;280;541;850;6;125
2014;2;Florida Alta;28;77;2,3;1,1;250;374;520;5,4;59
2014;2;Florida Baja;21;93;2,7;1,4;225;405;550;4,5;84
2014;2;Garbinet;3;72;2,3;1;290;367;420;5;56
2014;2;Gran Vía - Parque Avenidas;32;105;3;2,1;462;585;750;5,7;71
2014;2;Juan XXIII 1er sector;6;77;3;1,2;300;329;380;4,3;31
2014;2;Juan XXIII 2do Sector;5;97;3,4;2;150;340;500;3,6;116
2014;2;La Albufereta;55;79;2,1;1,3;270;507;850;6,9;141
2014;2;Los Ángeles;32;93;2,9;1,6;290;384;495;4,2;52
2014;2;Mercado;40;93;2,9;1,5;330;489;750;5,5;118
2014;2;PAU I;28;100;2,6;1,8;475;596;700;6,1;66
2014;2;PAU II;19;105;3;1,8;450;553;650;5,4;68
2014;2;Pla del Bon Repós;46;74;2,5;1,1;250;345;450;4,9;45
2014;2;Playa de San Juan;146;107;2,5;1,8;300;662;1200;6,9;223
2014;2;Polígono de Babel;39;101;3,1;1,9;300;508;700;5;91
2014;2;Polígono de San Blas;34;93;2,8;1,8;350;499;600;5,5;69
2014;2;Princesa Mercedes - San Fernando;10;84;3;1,3;280;336;400;4,2;39
2014;2;Raval Roig;19;81;2,1;1,3;350;506;800;6,6;151
2014;2;San Agustín;5;91;2,8;1,4;335;389;500;4,4;65
2014;2;San Antón;14;68;1,7;1,1;250;403;670;6,4;117
2014;2;San Blas;61;85;2,5;1,4;300;422;550;5,2;61
2014;2;San Gabriel;22;104;3,5;2;400;550;700;5,3;104
2014;2;Sidi Ifni - Nou Alacant;7;80;2,7;1,1;300;336;400;4,3;36
2014;2;Tómbola;3;98;2,7;1,7;400;467;500;4,9;47
2014;2;Urbanova;9;95;2,8;1,8;400;506;850;5,5;162
2014;2;Villafranqueza;7;79;2,1;1,4;300;399;500;5,3;69
2014;2;Virgen del Remedio;4;106;3;1,5;260;309;375;3,2;42
2014;2;Vistahermosa;6;115;2,7;1,8;450;767;900;6,8;155
2014;3;Alipark;12;97;2,9;1,3;300;425;550;4,4;67
2014;3;Altozano;35;94;2,9;1,4;250;411;600;4,4;84
2014;3;Bacarot;2;83;2,5;1,8;400;440;480;5,3;40
2014;3;Benalúa;69;90;2,7;1,5;275;456;700;5;100
2014;3;Benisaudet;4;101;3,5;2;425;554;650;5,5;82
2014;3;Cabo de las Huertas;91;101;2,5;1,6;350;624;1300;6,2;201
2014;3;Campoamor;72;93;2,7;1,5;250;418;600;4,5;83
2014;3;Carolinas Altas;70;76;2,5;1,2;250;372;550;4,9;64
2014;3;Carolinas Bajas;71;79;2,4;1,3;230;388;600;4,9;74
2014;3;Casco Antiguo - Sta. Cruz;35;73;1,8;1,2;300;487;850;6,7;148
2014;3;Centro Histórico - Tradicional;69;91;2,5;1,5;295;538;1000;5,9;149
2014;3;Ciudad de Asís;17;83;2,5;1,3;270;366;450;4,4;48
2014;3;Ciudad Jardín;2;209;4;2,5;550;600;650;2,9;50
2014;3;El Palmeral;12;86;2,4;1,6;300;520;750;6;108
2014;3;Ensanche - Diputación;167;100;2,8;1,6;270;559;1000;5,6;150
2014;3;Florida Alta;22;93;3;1,4;250;389;500;4,2;66
2014;3;Florida Baja;38;89;2,7;1,5;270;434;550;4,9;61
2014;3;Gran Vía - Parque Avenidas;40;101;2,9;1,8;420;591;750;5,9;91
2014;3;Juan XXIII 1er sector;9;87;2,9;1,5;300;384;475;4,4;58
2014;3;La Albufereta;96;81;2,1;1,5;250;507;850;6,2;134
2014;3;Las Cuatrocientas Viviendas;2;69;2;1,5;330;415;500;6;85
2014;3;Los Ángeles;34;90;2,8;1,5;250;387;500;4,3;77
2014;3;Mercado;72;99;2,7;1,6;325;553;1000;5,6;165
2014;3;PAU I;26;104;2,7;1,8;370;582;800;5,6;85
2014;3;PAU II;7;91;2,6;1,9;450;521;600;5,7;45
2014;3;Pla del Bon Repós;65;80;2,6;1,2;250;361;490;4,5;51
2014;3;Playa de San Juan;265;109;2,5;1,7;300;639;1200;5,8;195
2014;3;Polígono de Babel;56;107;3;1,7;395;546;800;5,1;107
2014;3;Polígono de San Blas;15;92;2,9;1,6;320;502;630;5,4;102
2014;3;Princesa Mercedes - San Fernando;8;77;2,4;1;300;358;425;4,7;47
2014;3;Rabasa;4;96;2,5;1,5;550;663;750;6,9;89
2014;3;Raval Roig;19;91;2,8;1,5;350;559;800;6,1;117
2014;3;San Agustín;2;70;2;1;270;325;380;4,7;55
2014;3;San Antón;17;85;2,1;1,2;270;400;550;4,7;67
2014;3;San Blas;88;86;2,7;1,4;275;417;590;4,9;66
2014;3;San Gabriel;26;96;2,8;1,7;350;516;650;5,4;85
2014;3;Sidi Ifni - Nou Alacant;2;83;3;1,3;250;310;370;3,8;60
2014;3;Tómbola;8;108;3;1,8;400;478;550;4,4;51
2014;3;Urbanova;12;78;1,8;1,3;350;449;695;5,8;106
2014;3;Villafranqueza;8;79;2,4;1,3;295;349;400;4,5;44
2014;3;Virgen del Remedio;16;79;2,6;1,2;200;288;440;3,7;62
2014;3;Vistahermosa;19;105;2,8;1,6;380;531;800;5,1;149
2014;4;Alipark;16;96;3,2;1,5;300;448;550;4,7;60
2014;4;Altozano;35;93;3,1;1,6;250;423;550;4,5;82
2014;4;Benalúa;59;89;2,6;1,4;300;460;750;5,2;100
2014;4;Benisaudet;3;98;3,3;2;480;593;650;6,1;80
2014;4;Cabo de las Huertas;72;116;2,7;1,9;350;716;1200;6,2;191
2014;4;Campoamor;57;87;2,8;1,3;300;384;550;4,4;54
2014;4;Carolinas Altas;32;76;2,4;1,1;250;360;450;4,7;43
2014;4;Carolinas Bajas;33;85;2,3;1,2;250;375;500;4,4;52
2014;4;Casco Antiguo - Sta. Cruz;30;86;2,2;1,4;299;518;1100;6;184
2014;4;Centro Histórico - Tradicional;65;90;2,4;1,5;295;529;1000;5,9;147
2014;4;Ciudad de Asís;14;90;2,7;1,6;250;406;540;4,5;74
2014;4;El Palmeral;14;93;2,6;1,7;400;542;650;5,8;81
2014;4;Ensanche - Diputación;148;106;3;1,8;300;602;1000;5,7;168
2014;4;Florida Alta;28;88;2,9;1,3;300;382;500;4,4;49
2014;4;Florida Baja;19;85;2,6;1,3;200;377;500;4,4;73
2014;4;Gran Vía - Parque Avenidas;38;105;2,7;1,8;450;567;750;5,4;71
2014;4;Juan XXIII 1er sector;4;81;3;1;250;313;350;3,8;38
2014;4;Juan XXIII 2do Sector;4;91;3,5;1,5;250;275;300;3;25
2014;4;La Albufereta;127;84;2,1;1,5;230;554;1000;6,6;157
2014;4;La Goteta;2;85;2,5;1,5;330;365;400;4,3;35
2014;4;Los Ángeles;29;88;2,9;1,6;280;412;585;4,7;71
2014;4;Mercado;85;95;2,8;1,5;225;539;950;5,6;158
2014;4;PAU I;27;91;2,7;1,7;450;581;700;6,4;63
2014;4;PAU II;19;107;2,8;2;410;530;650;4,9;55
2014;4;Pla del Bon Repós;54;75;2,6;1,2;275;370;500;5;50
2014;4;Playa de San Juan;338;116;2,6;1,8;300;674;1200;5,8;202
2014;4;Polígono de Babel;47;113;3,2;1,9;400;568;900;5;111
2014;4;Polígono de San Blas;37;98;3,2;1,8;350;486;650;5;82
2014;4;Princesa Mercedes - San Fernando;12;92;3;1,5;270;415;600;4,5;105
2014;4;Rabasa;2;93;3;1,5;450;475;500;5,1;25
2014;4;Raval Roig;19;90;2,4;1,6;350;567;800;6,3;137
2014;4;San Agustín;6;91;2,2;2;390;460;580;5,1;61
2014;4;San Antón;9;72;1,9;1,4;260;441;575;6,1;104
2014;4;San Blas;64;80;2,2;1,4;310;423;600;5,3;59
2014;4;San Gabriel;23;94;2,9;1,8;350;530;700;5,6;84
2014;4;Sidi Ifni - Nou Alacant;6;78;2,8;1;250;349;450;4,5;63
2014;4;Tómbola;5;103;3,2;2;400;514;650;5;91
2014;4;Urbanova;11;71;1,8;1,3;325;399;475;5,6;60
2014;4;Villafranqueza;5;86;2,8;1,6;325;369;400;4,3;29
2014;4;Virgen del Remedio;5;82;2,8;1;250;303;400;3,7;56
2014;4;Vistahermosa;12;118;3;1,7;450;595;800;5,1;128
2015;1;Alipark;12;95;3,1;1,4;300;453;530;4,8;59
2015;1;Altozano;38;94;3;1,5;250;431;550;4,6;79
2015;1;Benalúa;61;88;2,7;1,5;280;474;780;5,4;94
2015;1;Benisaudet;5;106;3,4;1,9;420;556;600;5,2;65
2015;1;Cabo de las Huertas;68;107;2,6;1,6;350;697;1260;6,5;209
2015;1;Campoamor;45;90;2,8;1,4;270;425;570;4,7;67
2015;1;Carolinas Altas;44;80;2,5;1,2;250;392;520;4,9;58
2015;1;Carolinas Bajas;57;79;2,4;1,2;240;404;550;5,1;65
2015;1;Casco Antiguo - Sta. Cruz;31;77;2;1,3;300;553;1000;7,2;189
2015;1;Centro Histórico - Tradicional;66;89;2,4;1,5;290;558;1050;6,3;148
2015;1;Ciudad de Asís;15;89;2,6;1,5;280;404;470;4,6;53
2015;1;Colonia Requena;2;80;3;1,5;230;255;280;3,2;19
2015;1;Divina Pastora;2;227;4;2,7;520;688;750;3;109
2015;1;El Palmeral;7;91;2,6;1,7;370;566;700;6,2;94
2015;1;Ensanche - Diputación;139;101;2,8;1,7;280;594;970;5,9;148
2015;1;Florida Alta;23;86;2,8;1,3;275;407;510;4,7;56
2015;1;Florida Baja;26;90;2,7;1,4;250;436;530;4,8;68
2015;1;Garbinet;2;104;2,5;1,3;410;493;510;4,8;46
2015;1;Gran Vía - Parque Avenidas;37;102;2,9;1,9;420;606;740;5,9;76
2015;1;Juan XXIII 1er sector;6;83;3;1,2;290;371;420;4,5;44
2015;1;Juan XXIII 2do Sector;3;94;3,5;1,7;210;325;390;3,4;62
2015;1;La Albufereta;86;80;2,1;1,4;240;551;940;6,9;142
2015;1;La Goteta;1;80;2,5;1,3;340;379;375;4,7;18
2015;1;Las Cuatrocientas Viviendas;1;76;2,3;1,7;300;382;420;5;57
2015;1;Los Ángeles;29;91;2,9;1,5;275;423;520;4,7;66
2015;1;Mercado;59;97;2,8;1,5;290;563;930;5,8;148
2015;1;PAU I;26;97;2,6;1,8;430;623;720;6,4;69
2015;1;PAU II;13;103;2,8;1,9;430;568;640;5,5;63
2015;1;Pla del Bon Repós;52;77;2,6;1,2;260;383;510;5;53
2015;1;Playa de San Juan;237;110;2,5;1,7;300;688;1200;6,3;204
2015;1;Polígono de Babel;45;106;3,1;1,9;375;575;800;5,4;100
2015;1;Polígono de San Blas;27;94;3;1,7;350;517;630;5,5;80
2015;1;Princesa Mercedes - San Fernando;10;84;2,8;1,3;290;395;480;4,7;65
2015;1;Rabasa;2;95;2,7;1,5;520;637;670;6,7;68
2015;1;Raval Roig;15;85;2,3;1,4;350;569;780;6,7;130
2015;1;San Agustín;4;89;2,3;1,5;340;443;510;5;64
2015;1;San Antón;13;74;2;1,2;270;426;600;5,7;91
2015;1;San Blas;69;84;2,5;1,4;290;446;590;5,3;62
2015;1;San Gabriel;25;97;2,9;1,8;350;549;690;5,7;94
2015;1;Sidi Ifni - Nou Alacant;8;81;2,7;1,1;250;350;400;4,3;41
2015;1;Tómbola;5;104;3;1,8;410;515;550;4,9;54
2015;1;Urbanova;8;80;2,1;1,4;350;475;660;5,9;106
2015;1;Villafranqueza;6;81;2,4;1,4;300;392;440;4,8;52
2015;1;Virgen del Remedio;7;85;2,8;1,2;220;313;410;3,7;56
2015;1;Vistahermosa;13;114;2,9;1,8;410;648;840;5,7;147
2015;2;Alipark;22;97;3,3;1,4;400;465;550;4,8;38
2015;2;Altozano;30;93;2,8;1,6;300;416;550;4,5;71
2015;2;Benalúa;67;93;2,8;1,4;300;453;610;4,9;66
2015;2;Benisaudet;6;113;2,7;1,8;314;532;650;4,7;118
2015;2;Cabo de las Huertas;48;93;2,2;1,5;270;609;1200;6,5;197
2015;2;Campoamor;60;96;2,7;1,5;320;458;650;4,8;89
2015;2;Carolinas Altas;58;89;2,7;1,3;220;385;550;4,3;66
2015;2;Carolinas Bajas;57;80;2,4;1,3;250;397;600;4,9;75
2015;2;Casco Antiguo - Sta. Cruz;25;75;1,9;1,2;299;509;850;6,8;171
2015;2;Centro Histórico - Tradicional;91;100;2,6;1,6;290;596;1000;6;164
2015;2;Ciudad de Asís;30;80;2,6;1,4;300;382;475;4,8;52
2015;2;Colonia Requena;4;60;3;1;220;245;260;4,1;15
2015;2;El Palmeral;6;111;3;1,9;430;509;575;4,6;54
2015;2;Ensanche - Diputación;180;101;2,7;1,6;335;551;1100;5,5;155
2015;2;Florida Alta;20;96;3,2;1,4;250;386;490;4;63
2015;2;Florida Baja;39;77;2,2;1,2;275;413;599;5,4;76
2015;2;Gran Vía - Parque Avenidas;66;115;2,9;1,9;350;607;950;5,3;118
2015;2;Juan XXIII 1er sector;6;101;3;1,5;260;388;490;3,8;84
2015;2;Juan XXIII 2do Sector;2;105;3,5;1,5;320;323;325;3,1;3
2015;2;La Albufereta;66;86;2,2;1,4;260;498;1100;5,8;160
2015;2;Los Ángeles;39;97;3;1,5;250;382;550;3,9;78
2015;2;Mercado;71;99;2,7;1,7;320;511;900;5,2;110
2015;2;Moralet;3;83;2,3;1,3;425;433;450;5,2;12
2015;2;PAU I;25;98;2,5;1,9;390;546;675;5,6;86
2015;2;PAU II;17;106;3;2;430;512;650;4,8;65
2015;2;Pla del Bon Repós;47;89;2,8;1,4;270;408;550;4,6;74
2015;2;Playa de San Juan;187;109;2,5;1,7;340;653;1200;6;197
2015;2;Polígono de Babel;42;109;3,3;2;430;552;800;5,1;84
2015;2;Polígono de San Blas;27;104;3,4;1,7;350;516;650;5;90
2015;2;Princesa Mercedes - San Fernando;18;91;2,8;1,5;300;421;525;4,6;65
2015;2;Raval Roig;15;79;1,9;1,6;350;538;800;6,8;135
2015;2;San Agustín;3;84;2,3;1,6;350;470;600;5,6;102
2015;2;San Antón;17;75;2,1;1,3;290;446;595;6;69
2015;2;San Blas;68;99;2,8;1,5;300;453;650;4,6;93
2015;2;San Gabriel;37;113;3,2;1,9;330;506;650;4,5;76
2015;2;San Nicolás de Bari;2;95;3;2;450;500;550;5,3;50
2015;2;Sidi Ifni - Nou Alacant;8;81;2,9;1,3;280;365;480;5,1;62
2015;2;Tómbola;8;99;3;1,8;400;456;550;4,6;58
2015;2;Urbanova;4;83;2,3;1,5;400;513;750;6,2;139
2015;2;Villafranqueza;4;74;2;1,4;350;450;500;6,1;61
2015;2;Virgen del Remedio;9;89;3,4;1,2;270;328;450;4;65
2015;3;Alipark;19;96;3,1;1,6;300;502;600;5,2;72
2015;3;Altozano;23;91;3;1,5;280;402;550;4,4;77
2015;3;Benalúa;90;100;2,9;1,6;300;487;800;4,9;92
2015;3;Benisaudet;6;105;3,2;1,8;440;509;650;4,9;73
2015;3;Cabo de las Huertas;86;103;2,6;1,7;300;687;1350;6,7;255
2015;3;Campoamor;54;88;2,8;1,4;280;412;550;4,7;63
2015;3;Carolinas Altas;48;91;2,8;1,3;290;394;525;4,4;61
2015;3;Carolinas Bajas;52;82;2,4;1,2;250;399;600;4,9;88
2015;3;Casco Antiguo - Sta. Cruz;29;68;1,7;1,3;299;503;850;7,4;143
2015;3;Centro Histórico - Tradicional;89;94;2,6;1,6;300;601;1100;6,4;172
2015;3;Ciudad de Asís;15;93;2,3;1,3;280;400;600;4,3;102
2015;3;El Palmeral;7;108;2,9;2;375;539;600;5;84
2015;3;Ensanche - Diputación;157;103;2,9;1,7;300;593;1000;5,7;142
2015;3;Florida Alta;15;90;2,9;1,2;280;396;500;4,4;61
2015;3;Florida Baja;22;98;2,8;1,4;275;416;550;4,3;76
2015;3;Gran Vía - Parque Avenidas;52;109;2,7;1,9;450;587;700;5,4;73
2015;3;Juan XXIII 1er sector;5;92;3,2;1,6;300;350;450;3,8;63
2015;3;Juan XXIII 2do Sector;3;95;3,7;1,7;300;317;350;3,3;24
2015;3;La Albufereta;72;79;2,1;1,5;325;522;800;6,6;123
2015;3;Los Ángeles;27;88;3,1;1,5;250;404;500;4,6;80
2015;3;Mercado;85;89;2,5;1,5;300;471;650;5,3;83
2015;3;PAU I;21;99;2,4;2;480;612;750;6,2;67
2015;3;PAU II;11;103;2,8;2;470;585;700;5,7;66
2015;3;Pla del Bon Repós;46;79;2,8;1,3;270;390;525;4,9;51
2015;3;Playa de San Juan;246;107;2,4;1,7;330;667;1200;6,3;212
2015;3;Polígono de Babel;41;115;3,1;1,9;320;574;900;5;145
2015;3;Polígono de San Blas;21;105;3;1,6;350;543;750;5,2;125
2015;3;Princesa Mercedes - San Fernando;11;93;3;1,3;300;439;600;4,7;76
2015;3;Raval Roig;15;95;2,2;1,6;400;495;700;5,2;94
2015;3;San Agustín;4;78;2,3;1,3;270;371;490;4,8;79
2015;3;San Antón;22;78;2,3;1,2;290;474;650;6;105
2015;3;San Blas;70;89;2,9;1,4;330;424;600;4,8;66
2015;3;San Gabriel;21;100;2,9;1,7;325;516;650;5,2;79
2015;3;San Nicolás de Bari;3;102;3;1,7;300;408;475;4;77
2015;3;Sidi Ifni - Nou Alacant;3;78;2,6;1,2;299;320;330;4,1;15
2015;3;Tómbola;14;99;2,7;1,7;450;508;700;5,1;74
2015;3;Urbanova;7;83;2,3;1,6;350;474;600;5,7;86
2015;3;Villafranqueza;7;77;2,4;1,4;250;395;500;5,1;82
2015;3;Virgen del Remedio;6;84;3;1;250;292;350;3,5;45
2015;3;Vistahermosa;12;147;3,1;1,8;350;648;990;4,4;180
2015;4;Alipark;18;97;2,9;1,4;300;463;600;4,8;61
2015;4;Altozano;24;93;2,7;1,5;300;429;600;4,6;82
2015;4;Benalúa;66;92;2,6;1,4;290;469;1000;5,1;139
2015;4;Benisaudet;16;105;3,1;1,8;500;523;600;5;26
2015;4;Cabo de las Huertas;113;112;2,6;1,7;350;699;1350;6,2;250
2015;4;Campoamor;40;84;2,4;1,3;200;407;600;4,9;87
2015;4;Carolinas Altas;41;80;2,6;1,1;250;377;500;4,7;58
2015;4;Carolinas Bajas;47;79;2,4;1,3;250;370;520;4,7;64
2015;4;Casco Antiguo - Sta. Cruz;37;78;1,9;1,4;300;620;1200;7,9;259
2015;4;Centro Histórico - Tradicional;90;105;2,8;1,6;260;644;1200;6,1;210
2015;4;Ciudad de Asís;13;86;2,4;1,2;290;377;500;4,4;67
2015;4;Colonia Requena;3;70;3;1;180;197;220;2,8;17
2015;4;Ensanche - Diputación;181;103;2,8;1,7;300;597;1000;5,8;140
2015;4;Florida Alta;30;88;2,8;1,1;300;393;500;4,5;52
2015;4;Florida Baja;54;89;2,7;1,4;275;422;550;4,7;70
2015;4;Gran Vía - Parque Avenidas;45;143;2,8;1,9;440;650;900;4,5;129
2015;4;Juan XXIII 1er sector;6;74;2,6;1;300;377;410;5,1;37
2015;4;Juan XXIII 2do Sector;2;93;3,5;1,5;330;340;350;3,7;10
2015;4;La Albufereta;103;84;2;1,4;240;523;1000;6,2;135
2015;4;Los Ángeles;53;94;2,8;1,5;290;400;520;4,3;54
2015;4;Mercado;72;99;2,7;1,6;280;573;1200;5,8;177
2015;4;PAU I;15;112;2,9;2;600;647;750;5,8;42
2015;4;PAU II;14;103;2,6;1,8;450;606;700;5,9;63
2015;4;Pla del Bon Repós;83;82;2,6;1,2;300;401;500;4,9;56
2015;4;Playa de San Juan;261;121;2,6;1,8;340;717;1200;5,9;225
2015;4;Polígono de Babel;50;110;3,2;1,9;400;578;800;5,3;94
2015;4;Polígono de San Blas;33;95;3,1;1,6;350;475;700;5;100
2015;4;Princesa Mercedes - San Fernando;16;85;2,9;1,2;250;368;500;4,3;81
2015;4;Raval Roig;20;93;2,4;1,5;390;537;800;5,8;115
2015;4;San Agustín;4;120;2,7;2,3;230;453;750;3,8;193
2015;4;San Antón;37;79;2,1;1,2;295;431;650;5,5;82
2015;4;San Blas;78;87;2,6;1,4;310;445;655;5,1;79
2015;4;San Gabriel;32;99;3;1,7;325;519;750;5,3;101
2015;4;San Nicolás de Bari;2;100;3;1;300;325;350;3,3;25
2015;4;Tómbola;8;108;3,3;1,9;300;514;600;4,8;93
2015;4;Urbanova;21;71;2;1,4;325;460;750;6,5;108
2015;4;Villafranqueza;13;81;2,5;1,4;340;388;450;4,8;35
2015;4;Virgen del Remedio;8;86;3,1;1,1;200;289;350;3,4;43
2015;4;Vistahermosa;19;121;2,5;1,8;350;717;1350;5,9;235
2016;1;Alipark;14;88;3,1;1,4;300;429;500;4,9;65
2016;1;Altozano;30;88;3;1,5;250;403;550;4,6;87
2016;1;Benalúa;82;105;2,8;1,5;290;493;900;4,7;154
2016;1;Benisaudet;11;108;2,9;1,9;314;560;780;5,2;135
2016;1;Cabo de las Huertas;68;115;2,4;1,7;395;743;1500;6,5;303
2016;1;Campoamor;48;88;2,7;1,2;250;403;550;4,6;72
2016;1;Carolinas Altas;62;81;2,3;1,3;300;392;550;4,8;55
2016;1;Carolinas Bajas;49;78;2,3;1,3;250;391;500;5;63
2016;1;Casco Antiguo - Sta. Cruz;43;81;2,1;1,4;300;588;1200;7,3;233
2016;1;Centro Histórico - Tradicional;92;86;2,2;1,5;350;595;1000;6,9;155
2016;1;Ciudad de Asís;21;90;2,5;1,4;325;395;490;4,4;47
2016;1;El Palmeral;8;93;2,6;1,7;450;569;600;6,1;50
2016;1;Ensanche - Diputación;154;106;3;1,7;300;641;1200;6,1;182
2016;1;Florida Alta;23;87;2,5;1;280;401;550;4,6;73
2016;1;Florida Baja;44;90;2,7;1,5;275;432;600;4,8;83
2016;1;Gran Vía - Parque Avenidas;66;105;2,8;1,8;300;562;800;5,4;94
2016;1;Juan XXIII 1er sector;7;79;3;1,1;350;419;500;5,3;54
2016;1;Juan XXIII 2do Sector;2;80;3;1,5;250;300;350;3,8;50
2016;1;La Albufereta;66;75;2;1,3;250;516;1000;6,9;163
2016;1;Los Ángeles;53;95;2,9;1,5;250;419;700;4,4;95
2016;1;Mercado;70;94;2,6;1,5;300;549;900;5,8;158
2016;1;PAU I;23;106;3;2;550;654;800;6,2;78
2016;1;PAU II;12;98;2,5;1,9;390;599;850;6,1;106
2016;1;Pla del Bon Repós;64;79;2,6;1,2;270;420;700;5,3;104
2016;1;Playa de San Juan;207;127;2,7;1,9;300;763;1300;6;243
2016;1;Polígono de Babel;28;108;3,4;2;400;572;800;5,3;101
2016;1;Polígono de San Blas;21;117;3,8;2;445;662;900;5,6;118
2016;1;Princesa Mercedes - San Fernando;9;74;2,2;1;350;384;442;5,2;31
2016;1;Raval Roig;17;81;2;1,3;350;524;800;6,5;131
2016;1;San Agustín;3;110;2,3;1,5;400;433;500;3,9;47
2016;1;San Antón;18;72;1,9;1,3;295;475;720;6,6;106
2016;1;San Blas;75;97;3;1,5;330;475;700;4,9;98
2016;1;San Gabriel;20;105;3,1;1,8;300;531;800;5;119
2016;1;San Nicolás de Bari;2;109;3;1,5;300;350;400;3,2;50
2016;1;Sidi Ifni - Nou Alacant;3;83;2,3;1,3;330;370;430;4,4;43
2016;1;Tómbola;2;86;2,5;1,5;300;388;475;4,5;88
2016;1;Urbanova;18;81;2,2;1,7;400;504;700;6,2;100
2016;1;Villafranqueza;3;75;2,3;1,3;380;403;450;5,4;33
2016;1;Virgen del Remedio;8;86;3,3;1,1;250;318;450;3,7;60
2016;1;Vistahermosa;17;100;2,8;1,6;420;599;950;6;149
2016;2;Colonia Requena;5;60;2,6;1;190;224;240;3,7;17
2016;2;Juan XXIII 1er sector;6;81;2,8;1,2;300;348;450;4,3;56
2016;2;Moralet;3;78;2,3;1;350;377;400;4,8;21
2016;2;Princesa Mercedes - San Fernando;17;90;3,1;1,1;250;389;500;4,3;71
2016;2;Virgen del Remedio;2;95;3,5;1,5;270;395;520;4,2;125
2016;2;Florida Alta;34;90;2,6;1,2;260;400;500;4,4;63
2016;2;Villafranqueza;7;76;2,1;1,7;350;404;450;5,3;39
2016;2;Los Ángeles;37;83;2,7;1,4;250;418;575;5;81
2016;2;Carolinas Altas;62;82;2,4;1,3;290;419;550;5,1;68
2016;2;Pla del Bon Repós;67;81;2,6;1,3;250;428;650;5,3;98
2016;2;Florida Baja;38;83;2,6;1,3;330;430;575;5,2;68
2016;2;Ciudad de Asís;27;88;2,5;1,5;300;432;500;4,9;64
2016;2;Carolinas Bajas;62;81;2,4;1,2;300;432;600;5,4;79
2016;2;Altozano;25;88;2,7;1,3;270;434;600;4,9;93
2016;2;Campoamor;45;91;2,8;1,5;275;446;600;4,9;90
2016;2;Benalúa;51;87;2,5;1,3;310;458;800;5,2;97
2016;2;San Blas;62;92;2,7;1,4;310;464;700;5,1;91
2016;2;San Antón;15;73;1,8;1,2;350;467;650;6,4;82
2016;2;Polígono de San Blas;31;95;2,7;1,4;325;479;700;5,1;92
2016;2;San Gabriel;17;100;2,9;1,6;330;514;650;5,1;105
2016;2;Alipark;27;94;3;1,3;375;519;600;5,5;69
2016;2;Tómbola;3;100;2,3;2;500;533;550;5,3;24
2016;2;Benisaudet;5;102;3,2;2;480;546;600;5,4;38
2016;2;Vistahermosa;9;128;3,1;1,6;400;553;750;4,3;106
2016;2;El Palmeral;7;112;2,9;2;420;553;700;4,9;88
2016;2;Polígono de Babel;34;103;3,1;1,8;350;558;800;5,4;116
2016;2;Urbanova;10;91;2,2;1,7;400;580;950;6,4;195
2016;2;La Albufereta;55;86;2,2;1,5;250;604;1200;7;181
2016;2;Casco Antiguo - Sta. Cruz;43;79;1,8;1,3;300;608;1200;7,7;201
2016;2;Gran Vía - Parque Avenidas;48;116;2,7;1,8;275;617;900;5,3;129
2016;2;PAU II;20;102;2,8;1,9;500;619;750;6,1;72
2016;2;PAU I;19;103;2,8;1,8;500;644;800;6,2;93
2016;2;Mercado;87;106;2,8;1,7;360;669;1100;6,3;183
2016;2;Raval Roig;14;90;2,4;1,3;350;672;820;7,4;133
2016;2;Centro Histórico - Tradicional;79;92;2,5;1,6;350;688;1200;7,5;196
2016;2;Ensanche - Diputación;133;106;2,9;1,7;380;689;1200;6,5;201
2016;2;Playa de San Juan;151;102;2,4;1,7;230;720;1400;7,1;266
2016;2;Cabo de las Huertas;59;116;2,4;1,6;400;822;1600;7,1;361
2016;3;Alipark;30;97;3,2;1,2;400;532;600;5,5;76
2016;3;Altozano;29;97;3,1;1,4;300;500;650;5,2;96
2016;3;Benalúa;51;98;2,9;1,5;300;530;980;5,4;151
2016;3;Benisaudet;8;107;3,5;1,9;475;584;650;5,5;70
2016;3;Cabo de las Huertas;75;95;2,4;1,6;350;669;1250;7;235
2016;3;Campoamor;61;88;2,8;1,4;250;433;625;4,9;85
2016;3;Carolinas Altas;47;80;2,4;1,1;300;392;500;4,9;51
2016;3;Carolinas Bajas;58;93;2,7;1,4;290;471;670;5,1;92
2016;3;Casco Antiguo - Sta. Cruz;42;75;1,9;1,4;260;585;1200;7,8;209
2016;3;Centro Histórico - Tradicional;85;93;2,4;1,5;300;642;1000;6,9;171
2016;3;Ciudad de Asís;16;95;2,9;1,5;300;419;600;4,4;80
2016;3;Divina Pastora;3;108;3;2;250;600;950;5,5;286
2016;3;Ensanche - Diputación;168;106;2,9;1,7;300;671;1550;6,3;188
2016;3;Florida Alta;20;89;2,7;1,3;260;401;550;4,5;60
2016;3;Florida Baja;32;89;2,7;1,4;350;463;600;5,2;58
2016;3;Gran Vía - Parque Avenidas;30;108;2,9;2;500;620;800;5,7;79
2016;3;Juan XXIII 1er sector;6;81;2,8;1,5;280;378;450;4,7;50
2016;3;Juan XXIII 2do Sector;2;90;3;1;250;275;300;3,1;25
2016;3;La Albufereta;69;80;2,2;1,4;280;564;900;7;147
2016;3;Los Ángeles;58;91;2,8;1,5;315;445;550;4,9;71
2016;3;Mercado;62;96;2,7;1,6;360;584;950;6,1;134
2016;3;Moralet;3;99;3,3;2;450;508;575;5,1;51
2016;3;PAU I;30;111;2,6;1,9;550;696;950;6,3;104
2016;3;PAU II;15;101;2,6;1,9;570;616;700;6,1;33
2016;3;Pla del Bon Repós;42;72;2,4;1,1;300;416;525;5,8;50
2016;3;Playa de San Juan;229;98;2,4;1,7;300;693;1300;7,1;213
2016;3;Polígono de Babel;26;117;3,1;1,9;380;624;950;5,3;127
2016;3;Polígono de San Blas;15;115;3,1;1,9;375;589;900;5,1;147
2016;3;Princesa Mercedes - San Fernando;21;81;2,8;1,2;290;425;690;5,2;115
2016;3;Raval Roig;27;80;2,2;1,2;360;545;850;6,8;147
2016;3;San Agustín;2;112;3,5;2,5;375;498;620;4,5;123
2016;3;San Antón;15;77;2;1,2;295;465;650;6,1;96
2016;3;San Blas;108;86;2,5;1,4;300;466;800;5,4;105
2016;3;San Gabriel;10;104;3;1,8;450;576;700;5,5;80
2016;3;Sidi Ifni - Nou Alacant;9;84;2,9;1,4;320;429;550;5,1;81
2016;3;Tómbola;4;80;3;1,7;300;418;490;5,2;76
2016;3;Urbanova;12;71;1,9;1,6;350;475;700;6,7;96
2016;3;Villafranqueza;6;116;2,8;1,7;380;439;550;3,8;54
2016;3;Virgen del Remedio;3;102;3,3;1;330;367;390;3,6;26
2016;3;Vistahermosa;22;99;2,7;1,5;400;604;1000;6,1;149
2016;4;Alipark;27;94;3,1;1,1;380;547;600;5,8;65
2016;4;Altozano;26;96;3;1,3;300;515;620;5,4;87
2016;4;Benalúa;48;102;2,8;1,4;300;546;850;5,4;154
2016;4;Benisaudet;5;103;3,4;1,8;480;602;700;5,8;135
2016;4;Cabo de las Huertas;72;93;2,3;1,5;325;689;1400;7,4;303
2016;4;Campoamor;58;89;2,7;1,3;260;446;600;5;72
2016;4;Carolinas Altas;44;81;2,3;1;280;404;525;5;55
2016;4;Carolinas Bajas;55;92;2,6;1,3;290;486;650;5,3;63
2016;4;Casco Antiguo - Sta. Cruz;39;77;1,8;1,3;300;602;1200;7,8;233
2016;4;Centro Histórico - Tradicional;82;93;2,3;1,4;300;661;1100;7,1;155
2016;4;Ciudad de Asís;13;93;2,8;1,4;300;432;550;4,6;47
2016;4;Ensanche - Diputación;165;108;2,8;1,6;300;691;1400;6,4;182
2016;4;Florida Alta;17;90;2,6;1,2;280;413;550;4,6;73
2016;4;Florida Baja;29;89;2,6;1,3;320;477;600;5,3;83
2016;4;Gran Vía - Parque Avenidas;27;105;2,8;1,9;500;639;850;6,1;94
2016;4;Juan XXIII 1er sector;3;82;2,7;1,4;280;389;400;4,7;54
2016;4;La Albufereta;66;82;2,1;1,3;300;581;900;7,1;163
2016;4;Los Ángeles;55;92;2,7;1,4;315;458;580;5;95
2016;4;Mercado;59;96;2,8;1,7;340;601;950;6,3;158
2016;4;PAU I;27;110;2,7;2;550;717;950;6,5;106
2016;4;PAU II;12;102;2,7;2;570;634;700;6,2;104
2016;4;Pla del Bon Repós;39;72;2,5;1,2;300;428;550;6;243
2016;4;Playa de San Juan;226;98;2,5;1,8;300;714;1300;7,3;101
2016;4;Polígono de Babel;23;116;3,2;2;380;643;950;5,5;118
2016;4;Polígono de San Blas;12;115;3,2;2;400;607;850;5,3;31
2016;4;Princesa Mercedes - San Fernando;18;81;2,9;1,3;290;437;620;5,4;131
2016;4;Raval Roig;24;83;2,3;1,3;370;561;850;6,8;47
2016;4;San Antón;12;77;2,1;1,3;295;479;650;6,2;98
2016;4;San Blas;105;85;2,6;1,5;300;480;750;5,7;119
2016;4;San Gabriel;7;99;3,1;1,9;400;593;700;6;50
2016;4;Sidi Ifni - Nou Alacant;6;84;3;1,5;300;442;550;5,3;88
2016;4;Tómbola;4;85;3,1;1,8;300;430;550;5,1;100
2016;4;Urbanova;9;70;2;1,7;350;489;700;7;33
2016;4;Villafranqueza;3;116;2,9;1,8;370;452;550;3,9;60
2016;4;Virgen del Remedio;3;70;3,4;1,1;300;350;390;5;26
2016;4;Vistahermosa;19;98;2,8;1,6;400;622;1000;6,3;149
2017;1;Colonia Requena;7;60;2;1;220;250;280;4,2;25
2017;1;Juan XXIII 2do Sector;4;89;3;1;235;281;300;3,2;27
2017;1;Virgen del Remedio;6;73;2,5;1,5;250;312;350;4,3;36
2017;1;Juan XXIII 1er sector;6;83;3;1,2;280;369;550;4,4;72
2017;1;Princesa Mercedes - San Fernando;12;80;2,3;1,1;390;411;550;5,1;66
2017;1;Florida Alta;33;82;2,5;1,2;350;424;475;5,2;13
2017;1;Villafranqueza;7;75;2;1,7;350;428;450;5,7;52
2017;1;Carolinas Altas;59;89;2,9;1,3;380;440;600;4,9;64
2017;1;Los Ángeles;32;97;3,4;1,4;380;442;620;4,6;81
2017;1;Carolinas Bajas;67;78;2,3;1,2;330;448;600;5,8;74
2017;1;Pla del Bon Repós;70;86;2,8;1,3;325;453;600;5,3;76
2017;1;Florida Baja;39;86;2,5;1,3;375;456;650;5,3;79
2017;1;Ciudad de Asís;27;78;2,3;1,5;380;457;600;5,8;95
2017;1;Altozano;27;84;3;1,3;420;460;700;5,5;106
2017;1;Campoamor;41;98;3,2;1,5;350;472;650;4,8;141
2017;1;Benalúa;49;106;2,9;1,3;400;485;800;4,6;90
2017;1;San Blas;55;106;3,1;1,4;400;491;700;4,6;95
2017;1;San Antón;15;39;1;1,2;400;494;650;12,8;24
2017;1;Polígono de San Blas;38;112;3,2;1,4;450;508;750;4,5;104
2017;1;San Gabriel;18;107;2,8;1,6;400;544;750;5,1;112
2017;1;Alipark;20;94;2,3;1,3;600;549;650;5,8;24
2017;1;Ciudad Jardín;2;80;1;1;500;550;600;6,9;71
2017;1;Tómbola;4;130;3,5;2;500;565;650;4,3;150
2017;1;Benisaudet;6;126;3;2;550;578;600;4,6;25
2017;1;Vistahermosa;12;110;2,8;1,6;440;585;1000;5,3;181
2017;1;El Palmeral;5;110;3;2;550;585;750;5,3;60
2017;1;Polígono de Babel;33;120;2,8;1,8;430;591;780;4,9;99
2017;1;Urbanova;9;75;3;1,7;450;614;780;8,2;45
2017;1;La Albufereta;59;87;2,2;1,5;350;639;850;7,3;139
2017;1;Casco Antiguo - Sta. Cruz;26;69;2,3;1,3;350;644;850;9,3;139
2017;1;Gran Vía - Parque Avenidas;47;84;2,3;1,8;400;653;840;7,8;132
2017;1;PAU II;20;102;3;1,9;625;655;750;6,4;55
2017;1;PAU I;23;102;2,6;1,8;630;682;800;6,7;45
2017;1;Mercado;89;106;3,1;1,7;600;708;1200;6,7;160
2017;1;Raval Roig;16;78;2;1,3;490;711;850;9,1;29
2017;1;Centro Histórico - Tradicional;81;103;2,9;1,6;350;728;1300;7;281
2017;1;Ensanche - Diputación;128;116;3,2;1,7;275;730;1300;6,3;205
2017;1;Playa de San Juan;142;89;2,3;1,7;400;762;1300;8,5;218
2017;1;Cabo de las Huertas;62;102;2,8;1,6;400;870;1400;8,5;316
2017;2;Alipark;6;91;2,5;1,3;400;490;600;5,4;61
2017;2;Altozano;23;92;2,9;1,3;320;446;550;4,9;65
2017;2;Benalúa;58;94;2,9;1,5;300;515;850;5,5;126
2017;2;Benisaudet;5;100;3;2;550;600;650;6;32
2017;2;Cabo de las Huertas;31;91;2,5;1,4;400;821;1500;9;309
2017;2;Campoamor;42;86;2,8;1,5;320;495;690;5,8;88
2017;2;Carolinas Altas;51;88;2,7;1,3;260;458;700;5,2;95
2017;2;Carolinas Bajas;43;78;2,4;1,3;300;453;600;5,8;76
2017;2;Casco Antiguo - Sta. Cruz;29;87;2,4;1,4;280;604;950;6,9;188
2017;2;Centro Histórico - Tradicional;101;99;2,6;1,6;320;692;1300;7;236
2017;2;Ciudad de Asís;18;82;2,4;1,3;375;439;550;5,3;64
2017;2;Ciudad Jardín;2;80;2;1;320;410;500;5,1;90
2017;2;Colonia Requena;3;57;3;1;270;290;320;5,1;22
2017;2;El Palmeral;4;98;2,5;1,5;300;533;630;5,4;135
2017;2;Ensanche - Diputación;114;110;3;1,7;350;705;1150;6,4;161
2017;2;Florida Alta;9;83;2,6;1,2;400;434;480;5,2;27
2017;2;Florida Baja;28;97;2,8;1,3;300;471;550;4,9;69
2017;2;Gran Vía - Parque Avenidas;48;94;2,7;1,7;425;630;1000;6,7;117
2017;2;Juan XXIII 1er sector;8;88;3;1,3;330;420;550;4,8;83
2017;2;Juan XXIII 2do Sector;10;87;3,3;1,2;240;327;400;3,8;50
2017;2;La Albufereta;43;83;2;1,4;350;606;1000;7,3;156
2017;2;Los Ángeles;32;91;2,8;1,5;300;454;600;5;75
2017;2;Mercado;42;100;2,9;1,8;400;663;1180;6,6;181
2017;2;PAU I;29;96;2,4;1,9;475;674;800;7;80
2017;2;PAU II;19;100;2,8;2;520;641;750;6,4;52
2017;2;Pla del Bon Repós;60;82;2,6;1,3;320;444;600;5,4;71
2017;2;Playa de San Juan;109;98;2,4;1,7;350;788;1400;8;251
2017;2;Polígono de Babel;26;108;2,9;1,8;400;646;790;6;109
2017;2;Polígono de San Blas;43;106;3;1,9;360;606;850;5,7;126
2017;2;Princesa Mercedes - San Fernando;8;91;3,3;1,5;380;459;600;5;67
2017;2;Raval Roig;13;86;2,4;1,4;490;650;900;7,5;132
2017;2;San Agustín;2;77;2;1;380;390;400;5,1;10
2017;2;San Antón;13;61;1,7;1,2;315;458;600;7,5;61
2017;2;San Blas;60;93;2,8;1,5;250;489;700;5,2;87
2017;2;San Gabriel;27;106;2,9;1,7;385;592;850;5,6;134
2017;2;Santa Faz;2;90;2;1,5;500;513;525;5,7;13
2017;2;Sidi Ifni - Nou Alacant;4;91;2,5;1;525;613;700;6,7;88
2017;2;Tómbola;6;93;2,2;1,6;400;496;600;5,4;80
2017;2;Urbanova;13;80;2,1;1,7;450;672;1150;8,4;193
2017;2;Villafranqueza;8;78;2,6;1,7;325;377;480;4,8;52
2017;2;Virgen del Remedio;12;73;2,4;1;230;315;385;4,3;46
2017;2;Vistahermosa;7;97;2,3;1,6;500;637;1000;6,6;152
2017;3;Vistahermosa;8;103;2,8;1,3;450;800;1400;7,8;300
2017;3;Cabo de las Huertas;39;96;2,4;1,6;425;758;1300;7,9;210
2017;3;PAU I;9;111;3,1;2;600;726;850;6,6;84
2017;3;Centro Histórico - Tradicional;131;104;2,8;1,5;300;725;1250;7;206
2017;3;Benisaudet;4;136;3,8;2,3;700;725;750;5,3;25
2017;3;Playa de San Juan;165;92;2,3;1,6;350;706;1100;7,7;164
2017;3;Ensanche - Diputación;117;105;2,9;1,6;350;704;1100;6,7;168
2017;3;Mercado;55;99;2,9;1,3;300;680;1100;6,9;153
2017;3;La Albufereta;56;97;2,5;1,7;350;667;950;6,9;146
2017;3;Polígono de Babel;25;120;2,9;2;450;663;850;5,5;117
2017;3;Gran Vía - Parque Avenidas;27;103;2,9;1,8;350;655;1100;6,3;169
2017;3;Polígono de San Blas;32;108;3,3;1,9;500;653;800;6,1;86
2017;3;San Gabriel;21;115;3,1;2;350;633;850;5,5;139
2017;3;PAU II;5;100;2,6;1,7;500;625;750;6,3;92
2017;3;El Palmeral;9;98;2,4;1,5;400;603;800;6,2;113
2017;3;Urbanova;22;91;2,1;1,5;350;595;850;6,5;138
2017;3;Raval Roig;14;76;2,1;1,3;425;585;850;7,7;138
2017;3;Casco Antiguo - Sta. Cruz;35;73;2,2;1,1;325;553;1000;7,6;154
2017;3;Tómbola;5;87;3;2;500;550;600;6,3;32
2017;3;Altozano;16;94;2,9;1,3;385;549;800;5,8;116
2017;3;Benalúa;39;93;2,7;1,5;360;540;800;5,8;109
2017;3;Princesa Mercedes - San Fernando;10;95;3,1;1;350;538;750;5,7;112
2017;3;San Blas;72;91;2,8;1,4;390;531;750;5,8;107
2017;3;Alipark;8;101;2,9;2;300;516;600;5,1;107
2017;3;Campoamor;29;103;3;1,3;350;511;750;5;111
2017;3;San Nicolás de Bari;3;102;3,3;2;400;500;650;4,9;108
2017;3;San Antón;22;70;2;1;375;496;700;7,1;87
2017;3;Villafranqueza;10;94;2,3;2;400;475;550;5,1;56
2017;3;Carolinas Bajas;35;77;2,1;1,2;345;475;600;6,2;73
2017;3;Carolinas Altas;28;90;2,7;1,2;350;472;650;5,3;100
2017;3;Pla del Bon Repós;43;75;2,3;1,1;350;467;600;6,2;69
2017;3;Florida Baja;16;79;2,7;1,4;350;445;625;5,6;67
2017;3;Florida Alta;18;85;2,6;1,2;360;445;575;5,3;68
2017;3;Los Ángeles;19;86;2,6;1,2;325;440;550;5,1;67
2017;3;Ciudad de Asís;13;81;2,8;1,2;325;424;500;5,3;53
2017;3;Juan XXIII 1er sector;4;78;3;1;350;399;425;5,1;30
2017;3;Virgen del Remedio;7;90;3;1,5;200;302;375;3,3;51
2017;4;Aguamarga;4;71;1,8;1,5;450;475;550;6,7;43
2017;4;Alipark;4;88;3;2;300;475;600;5,4;115
2017;4;Altozano;23;98;3,1;1,5;385;505;650;5,2;73
2017;4;Benalúa;58;90;2,7;1,4;350;553;800;6,2;121
2017;4;Benisaudet;11;95;2,5;1,8;380;570;675;6;101
2017;4;Cabo de las Huertas;40;98;2,5;1,7;400;784;1300;8;239
2017;4;Campoamor;25;90;2,9;1,5;270;476;650;5,3;98
2017;4;Carolinas Altas;25;87;2,8;1,2;300;448;550;5,1;67
2017;4;Carolinas Bajas;41;71;2,1;1,2;280;454;650;6,4;78
2017;4;Casco Antiguo - Sta. Cruz;30;79;2,1;1,3;375;638;880;8,1;143
2017;4;Centro Histórico - Tradicional;162;98;2,6;1,6;300;711;1200;7,3;190
2017;4;Ciudad de Asís;11;92;2,6;1,6;350;468;650;5,1;97
2017;4;Colonia Requena;2;45;3;1;190;235;280;5,2;45
2017;4;El Palmeral;14;99;2,6;1,9;450;604;750;6,1;81
2017;4;Ensanche - Diputación;140;103;2,8;1,5;350;705;1100;6,9;183
2017;4;Florida Alta;18;87;2,7;1,3;360;475;690;5,4;102
2017;4;Florida Baja;18;94;2,9;1,4;375;516;650;5,5;86
2017;4;Gran Vía - Parque Avenidas;49;108;2,8;1,9;400;704;999;6,5;129
2017;4;Gran Vía Sur;8;108;3;2;600;678;850;6,3;78
2017;4;Juan XXIII 1er sector;7;85;2,9;1;320;385;450;4,5;47
2017;4;Juan XXIII 2do Sector;4;90;3,3;1,3;350;450;500;5;61
2017;4;La Albufereta;48;87;2,4;1,5;350;630;850;7,2;140
2017;4;Los Ángeles;25;90;2,8;1,2;325;463;630;5,2;76
2017;4;Mercado;49;90;2,4;1,5;400;628;1115;7;141
2017;4;PAU I;14;104;2,6;1,9;600;692;750;6,7;49
2017;4;PAU II;7;102;2,7;1,8;550;694;800;6,8;91
2017;4;Pla del Bon Repós;43;83;2,6;1,4;350;507;720;6,1;89
2017;4;Playa de San Juan;215;95;2,3;1,6;350;734;1200;7,8;186
2017;4;Polígono de Babel;20;117;3,1;1,9;500;678;850;5,8;75
2017;4;Polígono de San Blas;36;103;3,2;1,9;480;652;850;6,4;92
2017;4;Princesa Mercedes - San Fernando;11;88;2,5;1,3;380;476;600;5,4;74
2017;4;Raval Roig;22;93;2,4;1,5;450;614;900;6,6;152
2017;4;San Agustín;4;95;2,8;2;450;525;550;5,5;43
2017;4;San Antón;19;67;1,4;1;400;508;900;7,6;120
2017;4;San Blas;71;94;2,9;1,5;360;550;750;5,8;98
2017;4;San Gabriel;12;104;2,8;1,7;400;575;800;5,5;119
2017;4;San Nicolás de Bari;3;107;3,3;1,5;410;503;650;4,7;105
2017;4;Sidi Ifni - Nou Alacant;3;72;2,7;1;325;352;380;4,9;22
2017;4;Tómbola;5;100;2,8;1,5;420;541;660;5,4;86
2017;4;Urbanova;8;84;2;1,7;385;541;650;6,4;87
2017;4;Villafranqueza;10;98;2,1;1,7;400;502;550;5,1;50
2017;4;Virgen del Remedio;8;81;2,6;1;200;326;400;4;59
2017;4;Vistahermosa;3;86;3;2;450;807;1400;9,4;422
2018;1;Aguamarga;2;65;1,5;1,5;450;500;550;7,7;50
2018;1;Alipark;12;78;2,5;1,4;380;511;600;6,6;53
2018;1;Altozano;20;90;3;1,3;325;487;650;5,4;77
2018;1;Benalúa;69;88;2,7;1,4;300;529;750;6;104
2018;1;Benisaudet;7;104;2,4;1,7;390;581;650;5,6;87
2018;1;Cabo de las Huertas;61;108;2,6;1,9;470;845;1300;7,8;228
2018;1;Campoamor;30;89;2,6;1,3;300;501;700;5,6;97
2018;1;Carolinas Altas;53;86;2,4;1,2;350;474;630;5,5;67
2018;1;Carolinas Bajas;43;72;2;1,1;350;460;575;6,4;62
2018;1;Casco Antiguo - Sta. Cruz;30;85;2;1,4;470;703;1200;8,2;206
2018;1;Centro Histórico - Tradicional;195;102;2,7;1,6;350;750;1300;7,4;214
2018;1;Ciudad de Asís;24;83;2,4;1,3;320;423;550;5,1;68
2018;1;Ensanche - Diputación;163;103;2,8;1,7;380;738;1200;7,2;183
2018;1;Florida Alta;32;91;2,8;1,2;350;477;650;5,2;80
2018;1;Florida Baja;13;96;3,1;1,2;350;478;650;5;94
2018;1;Gran Vía - Parque Avenidas;40;107;3;1,9;450;680;925;6,3;110
2018;1;Gran Vía Sur;15;112;3,1;2,1;600;759;950;6,8;81
2018;1;Juan XXIII 1er sector;8;86;3;1,5;270;404;550;4,7;100
2018;1;Juan XXIII 2do Sector;2;104;3,5;1,5;350;450;550;4,3;100
2018;1;La Albufereta;54;85;2,1;1,4;320;634;1100;7,5;175
2018;1;Los Ángeles;28;92;2,8;1,4;400;515;650;5,6;67
2018;1;Mercado;62;91;2,3;1,5;400;658;1000;7,3;135
2018;1;PAU I;9;111;2,6;2;600;736;900;6,6;91
2018;1;PAU II;8;91;2,6;1,5;550;624;690;6,8;48
2018;1;Pla del Bon Repós;52;79;2,4;1,2;300;475;750;6;93
2018;1;Playa de San Juan;208;94;2,3;1,7;400;761;1250;8,1;179
2018;1;Polígono de Babel;13;117;3,4;2;500;647;790;5,5;87
2018;1;Polígono de San Blas;21;98;3,2;1,7;450;606;760;6,2;83
2018;1;Princesa Mercedes - San Fernando;11;83;3,1;1,5;375;497;600;6;61
2018;1;Raval Roig;13;84;2,3;1,2;425;559;750;6,7;86
2018;1;San Agustín;3;53;1,3;1;425;442;475;8,3;24
2018;1;San Antón;9;70;2,2;1;350;481;700;6,9;98
2018;1;San Blas;81;92;2,7;1,4;300;549;800;6;121
2018;1;San Gabriel;11;97;2,8;1,5;410;538;675;5,5;88
2018;1;San Nicolás de Bari;2;83;3;1,5;420;460;500;5,6;40
2018;1;Sidi Ifni - Nou Alacant;2;74;2;1;300;425;550;5,8;125
2018;1;Tómbola;10;88;2,8;1,5;350;492;620;5,6;70
2018;1;Urbanova;8;88;2,3;1,5;400;545;690;6,2;97
2018;1;Villafranqueza;4;74;2,3;1,5;350;450;500;6,1;59
2018;1;Virgen del Remedio;7;80;3;1;300;335;375;4,2;27
2018;1;Vistahermosa;9;89;2,2;1,4;450;567;850;6,4;133
2018;2;Casco Antiguo - Sta. Cruz;43;82;2,2;1,5;350;700;1300;8,5;231
2018;2;San Antón;14;76;2,1;1,3;375;601;850;7,9;133
2018;2;Raval Roig;7;93;2,4;1,4;500;727;1290;7,8;259
2018;2;Centro Histórico - Tradicional;68;108;2,8;1,8;400;850;1300;7,8;248
2018;2;Ensanche - Diputación;188;104;2,8;1,7;380;772;1200;7,4;195
2018;2;Mercado;74;99;2,7;1,6;350;705;1100;7,1;173
2018;2;San Blas;63;83;2,5;1,3;320;538;800;6,5;113
2018;2;Polígono de San Blas;28;94;2,6;1,8;450;619;750;6,6;88
2018;2;Campoamor;54;88;2,8;1,3;325;533;700;6,1;85
2018;2;Altozano;32;92;2,6;1,4;400;533;660;5,8;73
2018;2;Los Ángeles;33;88;2,6;1,5;320;498;700;5,6;99
2018;2;San Agustín;3;87;2,7;1,3;275;425;600;4,9;134
2018;2;Sidi Ifni - Nou Alacant;7;96;2,8;1,6;370;546;725;5,7;110
2018;2;Benalúa;39;87;2,5;1,3;400;552;800;6,4;100
2018;2;Alipark;14;81;2,4;1,2;400;533;600;6,5;62
2018;2;San Fernando - Princesa Mercedes;10;87;3;1,1;400;495;650;5,7;78
2018;2;Florida Alta;20;87;2,9;1,4;360;466;630;5,3;73
2018;2;Florida Baja;17;87;2,8;1,3;365;527;675;6;88
2018;2;Ciudad de Asís;17;93;3,1;1,6;400;501;650;5,4;75
2018;2;Polígono de Babel;26;98;3,2;1,7;430;605;750;6,2;89
2018;2;San Gabriel;15;111;3,1;1,9;400;659;795;5,9;116
2018;2;Pla del Bon Repós;36;80;2,4;1,1;375;497;700;6,2;80
2018;2;Carolinas Altas;43;82;2,6;1,1;350;467;650;5,7;59
2018;2;Carolinas Bajas;29;75;2;1,1;300;471;625;6,3;82
2018;2;Tómbola;5;80;2,2;1,6;300;495;650;6,2;135
2018;2;Juan XXIII 1er sector;3;88;3,3;1,3;430;460;500;5,2;29
2018;2;Virgen del Remedio;9;82;2,9;1,2;300;389;520;4,8;81
2018;2;San Nicolás de Bari;3;93;3;1,7;500;600;651;6,4;71
2018;2;Juan XXIII 2do Sector;4;93;3,5;1,5;300;348;400;3,7;36
2018;2;Vistahermosa;15;117;2,6;1,7;600;1016;1600;8,7;363
2018;2;La Albufereta;33;75;2;1,3;420;663;1100;8,9;180
2018;2;Cabo de las Huertas;18;98;2,4;1,7;350;883;1500;9;349
2018;2;Playa de San Juan;116;94;2,4;1,7;350;810;1300;8,7;213
2018;2;Gran Vía Sur;12;116;3,1;1,9;550;713;850;6,1;98
2018;2;Benisaudet;11;99;2,9;1,8;380;585;700;5,9;89
2018;2;Gran Vía - Parque Avenidas;26;100;2,7;1,8;500;646;800;6,5;78
2018;2;PAU I;11;99;2,6;2;600;670;800;6,7;60
2018;2;PAU II;6;103;3;1,8;600;650;750;6,3;58
2018;2;Villafranqueza;7;87;2,4;1,6;325;475;600;5,5;101
2018;2;Urbanova;5;102;3,2;2;550;596;650;5,8;33
2018;2;Aguamarga;2;110;3;2;900;1050;1200;9,5;150
2018;2;Montoto;2;85;3;1;370;385;400;4,5;15
2018;3;Aguamarga;6;81;2;1,5;500;650;900;8,1;180
2018;3;Alipark;20;94;2,9;1,2;350;590;800;6,3;105
2018;3;Altozano;32;98;3,1;1,6;350;546;750;5,6;123
2018;3;Benalúa;52;94;2,5;1,4;350;600;950;6,4;160
2018;3;Benisaudet;11;98;3,2;1,9;500;595;700;6,1;54
2018;3;Cabo de las Huertas;61;88;2,3;1,6;440;749;1200;8,5;201
2018;3;Campoamor;42;84;2,7;1,4;390;542;700;6,4;74
2018;3;Carolinas Altas;46;87;2,6;1,3;375;514;650;5,9;86
2018;3;Carolinas Bajas;62;76;2,3;1,2;350;508;700;6,7;101
2018;3;Casco Antiguo - Sta. Cruz;75;93;2,4;1,5;305;719;1200;7,7;227
2018;3;Centro Histórico - Tradicional;113;92;2,4;1,5;300;711;1250;7,7;225
2018;3;Ciudad de Asís;8;78;2,4;1,3;375;425;500;5,4;49
2018;3;El Palmeral;8;125;3,3;2;650;699;750;5,6;43
2018;3;Ensanche - Diputación;173;104;2,8;1,6;350;766;1300;7,4;223
2018;3;Florida Alta;28;89;2,8;1,1;385;469;550;5,3;41
2018;3;Florida Baja;20;94;2,9;1,3;430;541;700;5,8;75
2018;3;Garbinet;3;67;2;1,3;390;493;700;7,4;146
2018;3;Gran Vía - Parque Avenidas;24;102;2,7;1,9;500;686;825;6,8;83
2018;3;Gran Vía Sur;12;106;2,7;2;530;694;850;6,5;106
2018;3;Juan XXIII 1er sector;3;95;3,3;1,3;450;493;530;5,2;33
2018;3;Juan XXIII 2do Sector;2;107;4;2;380;385;390;3,6;5
2018;3;La Albufereta;72;76;1,9;1,4;300;641;1000;8,4;166
2018;3;Los Ángeles;24;97;2,9;1,6;400;536;700;5,5;91
2018;3;Mercado;90;97;2,6;1,5;350;700;1100;7,2;175
2018;3;PAU I;17;111;2,9;2;550;748;900;6,7;93
2018;3;PAU II;9;95;3,1;2;550;657;800;6,9;79
2018;3;Pla del Bon Repós;41;89;2,8;1,2;360;529;750;5,9;96
2018;3;Playa de San Juan;194;82;2,2;1,5;375;723;1100;8,8;177
2018;3;Polígono de Babel;40;97;2,8;1,7;350;634;950;6,5;127
2018;3;Polígono de San Blas;11;88;2,7;1,5;390;555;700;6,3;89
2018;3;Rabasa;3;96;3;1,7;450;583;700;6,1;103
2018;3;Raval Roig;8;85;2;1,1;550;649;800;7,6;93
2018;3;San Agustín;4;85;3;1,5;400;538;650;6,3;114
2018;3;San Antón;20;77;2,2;1,4;345;575;850;7,5;120
2018;3;San Blas;82;90;2,6;1,4;350;576;850;6,4;109
2018;3;San Fernando - Princesa Mercedes;17;85;2,8;1,4;350;509;650;6;91
2018;3;San Gabriel;15;105;3,1;1,7;350;633;900;6;138
2018;3;Sidi Ifni - Nou Alacant;4;84;2,5;1;380;480;550;5,7;62
2018;3;Tómbola;3;99;3,3;1,3;450;543;680;5,5;99
2018;3;Urbanova;9;77;2;1,4;470;530;575;6,9;32
2018;3;Villafranqueza;7;91;2,4;1,7;350;473;600;5,2;87
2018;3;Virgen del Remedio;15;86;3,1;1,2;300;379;500;4,4;61
2018;3;Vistahermosa;10;116;2,6;1,9;450;832;1200;7,2;228
2018;4;Aguamarga;7;73;1,7;1,4;450;611;900;8,4;187
2018;4;Alipark;14;79;2,7;1,2;400;514;650;6,5;88
2018;4;Altozano;33;90;2,9;1,6;300;547;790;6,1;131
2018;4;Benalúa;80;97;2,7;1,5;380;637;1100;6,6;157
2018;4;Benisaudet;18;103;2,9;1,9;560;656;790;6,4;66
2018;4;Cabo de las Huertas;88;92;2,3;1,5;390;777;1200;8,5;189
2018;4;Campoamor;75;85;2,6;1,4;350;553;780;6,5;96
2018;4;Carolinas Altas;56;86;2,6;1,2;350;483;625;5,6;61
2018;4;Carolinas Bajas;85;81;2,2;1,2;300;506;700;6,3;95
2018;4;Casco Antiguo - Sta. Cruz;48;80;1,9;1,3;300;630;1200;7,9;197
2018;4;Centro Histórico - Tradicional;240;98;2,5;1,6;340;793;1490;8,1;244
2018;4;Ciudad de Asís;17;76;2,5;1,2;390;479;650;6,3;76
2018;4;El Palmeral;10;102;2,5;1,8;500;763;1200;7,5;242
2018;4;Ensanche - Diputación;139;102;2,7;1,6;380;785;1350;7,7;218
2018;4;Florida Alta;21;88;2,8;1,1;385;476;700;5,4;70
2018;4;Florida Baja;23;84;2,7;1,2;400;500;600;5,9;66
2018;4;Garbinet;5;90;2;1,6;225;565;850;6,3;247
2018;4;Gran Vía - Parque Avenidas;36;103;2,8;1,8;500;713;900;6,9;107
2018;4;Gran Vía Sur;15;107;3;1,9;480;688;900;6,4;95
2018;4;Juan XXIII 1er sector;7;90;3;1,1;350;429;530;4,8;52
2018;4;La Albufereta;104;88;2,2;1,5;395;721;1100;8,2;163
2018;4;La Sangueta;3;73;3;1;460;490;550;6,7;42
2018;4;Los Ángeles;26;89;2,8;1,5;350;503;650;5,7;76
2018;4;Mercado;89;97;2,7;1,6;375;721;1100;7,4;149
2018;4;PAU I;22;104;2,5;2;550;707;800;6,8;64
2018;4;PAU II;13;114;3,1;2;600;745;850;6,5;80
2018;4;Pla del Bon Repós;50;78;2,5;1,1;325;496;700;6,4;88
2018;4;Playa de San Juan;209;93;2,2;1,6;400;786;1250;8,5;194
2018;4;Polígono de Babel;33;106;2,7;1,8;450;685;1100;6,5;131
2018;4;Polígono de San Blas;38;98;2,8;1,7;380;644;820;6,6;118
2018;4;Raval Roig;12;78;1,8;1,3;450;657;1000;8,4;185
2018;4;San Agustín;8;73;2,4;1;390;474;650;6,5;91
2018;4;San Antón;29;79;2,1;1,1;365;568;800;7,2;108
2018;4;San Blas;81;96;2,7;1,6;400;649;900;6,8;143
2018;4;San Evaristo - La Paz;2;63;3;1;350;375;400;6;25
2018;4;San Fernando - Princesa Mercedes;17;82;2,6;1,1;380;493;650;6;83
2018;4;San Gabriel;26;101;2,7;1,5;375;616;790;6,1;124
2018;4;Santa Faz;2;103;3;2;600;950;1300;9,3;350
2018;4;Sidi Ifni - Nou Alacant;3;67;2;1;400;417;450;6,2;24
2018;4;Tómbola;8;95;3;2;500;578;650;6,1;49
2018;4;Urbanova;8;83;2,3;1,3;450;594;750;7,1;87
2018;4;Villafranqueza;18;86;2,6;1,6;280;484;600;5,6;108
2018;4;Virgen del Remedio;15;85;3,1;1,1;300;356;450;4,2;50
2018;4;Vistahermosa;27;94;2,5;1,6;300;700;1000;7,4;191
2019;1;Aguamarga;6;59;1,7;1,5;500;535;600;9,1;38
2019;1;Alipark;16;89;2,7;1,2;400;561;725;6,3;99
2019;1;Altozano;28;89;2,9;1,3;395;540;660;6,1;69
2019;1;Benalúa;72;94;2,8;1,4;400;620;1000;6,6;145
2019;1;Benisaudet;5;91;2,4;1,8;465;619;790;6,8;113
2019;1;Cabo de las Huertas;67;97;2,5;1,5;440;801;1400;8,3;176
2019;1;Campoamor;57;87;2,7;1,3;350;525;690;6;74
2019;1;Carolinas Altas;51;85;2,7;1,2;350;507;700;6;71
2019;1;Carolinas Bajas;89;85;2,3;1,2;380;534;700;6,3;79
2019;1;Casco Antiguo - Sta. Cruz;36;78;2;1,4;370;679;1200;8,7;221
2019;1;Centro Histórico - Tradicional;64;90;2,5;1,6;325;748;1350;8,3;214
2019;1;Ciudad de Asís;20;93;2,2;1,4;350;480;650;5,1;94
2019;1;El Palmeral;11;108;2,8;1,9;450;629;700;5,8;67
2019;1;Ensanche - Diputación;154;100;2,7;1,7;390;776;1300;7,8;197
2019;1;Florida Alta;22;86;2,8;1,2;400;518;650;6;62
2019;1;Florida Baja;17;92;2,7;1,1;380;517;650;5,6;87
2019;1;Gran Vía - Parque Avenidas;34;106;2,8;1,9;550;739;950;7;101
2019;1;Gran Vía Sur;13;112;2,8;1,9;575;707;900;6,3;82
2019;1;Juan XXIII 1er sector;14;93;3,6;1,6;350;501;600;5,4;100
2019;1;Juan XXIII 2do Sector;11;87;2,5;1,2;270;555;900;6,4;192
2019;1;La Albufereta;62;86;2,2;1,6;370;697;1000;8,1;157
2019;1;Los Ángeles;24;86;2,5;1,3;325;469;600;5,5;65
2019;1;Mercado;77;95;2,6;1,5;320;665;1000;7;147
2019;1;PAU I;10;94;2,7;1,9;550;705;850;7,5;111
2019;1;PAU II;6;109;2,8;2;650;674;700;6,2;24
2019;1;Pla del Bon Repós;55;76;2,6;1,2;350;498;650;6,5;68
2019;1;Playa de San Juan;154;92;2,3;1,7;450;799;1250;8,7;192
2019;1;Polígono de Babel;33;120;3;1,9;450;712;1000;5,9;109
2019;1;Polígono de San Blas;11;89;2,9;1,5;460;596;725;6,7;88
2019;1;Raval Roig;20;91;2,2;1,4;530;698;1000;7,7;168
2019;1;San Agustín;5;88;2,3;1,3;450;520;600;5,9;51
2019;1;San Antón;21;74;2,1;1,4;345;581;800;7,8;126
2019;1;San Blas;77;90;2,7;1,6;420;649;900;7,2;118
2019;1;San Fernando - Princesa Mercedes;24;80;2,9;1,1;400;466;595;5,8;54
2019;1;San Gabriel;13;103;2,8;1,7;400;626;800;6,1;121
2019;1;Sidi Ifni - Nou Alacant;9;81;2,7;1;430;511;660;6,3;69
2019;1;Tómbola;8;81;2,3;1,7;450;516;650;6,3;64
2019;1;Urbanova;7;85;2,1;1,3;500;640;750;7,5;92
2019;1;Villafranqueza;10;97;2,6;2;360;511;600;5,3;68
2019;1;Virgen del Remedio;18;81;3,1;1;300;377;480;4,7;47
2019;1;Vistahermosa;7;102;2,4;1,6;550;736;1000;7,2;153
2019;2;Aguamarga;4;64;1,5;1,3;500;638;800;9,9;108
2019;2;Alipark;15;88;2,5;1,3;400;556;750;6,3;126
2019;2;Altozano;27;86;2,7;1,3;350;516;680;6;88
2019;2;Benalúa;56;90;2,6;1,5;400;638;900;7,1;142
2019;2;Benisaudet;5;108;3;2;515;607;701;5,6;64
2019;2;Cabo de las Huertas;35;93;2,4;1,5;350;935;1600;10;360
2019;2;Campoamor;42;88;2,6;1,3;400;548;700;6,3;89
2019;2;Carolinas Altas;48;80;2,5;1,1;350;464;600;5,8;69
2019;2;Carolinas Bajas;41;84;2,3;1,4;350;558;800;6,7;122
2019;2;Casco Antiguo - Sta. Cruz;25;90;1,9;1,4;380;819;1500;9,1;397
2019;2;Centro;98;103;2,8;1,7;500;806;1200;7,9;152
2019;2;Centro Histórico - Tradicional;40;97;2,6;1,7;390;814;1400;8,4;274
2019;2;Ciudad de Asís;11;83;2,8;1,1;390;475;550;5,7;50
2019;2;Colonia Requena;4;64;3;1;320;355;400;5,6;29
2019;2;El Palmeral;7;122;3,5;2;600;807;1000;6,6;150
2019;2;Ensanche - Diputación;99;104;2,9;1,7;500;778;1150;7,5;151
2019;2;Florida Alta;13;93;2,5;1,2;380;496;599;5,3;50
2019;2;Florida Baja;14;86;2,4;1,1;375;498;600;5,8;55
2019;2;Gran Vía - Parque Avenidas;24;108;2,9;1,9;525;736;950;6,8;99
2019;2;Juan XXIII 2do Sector;7;80;3;1,1;250;367;450;4,6;64
2019;2;La Albufereta;33;84;2,3;1,5;500;719;950;8,6;94
2019;2;La Goteta;2;74;2;1;425;463;500;6,3;38
2019;2;Los Ángeles;32;87;2,7;1,5;350;540;700;6,2;101
2019;2;Mercado;45;78;2,2;1,4;450;656;950;8,4;143
2019;2;PAU II;5;98;3;2;600;684;750;7;69
2019;2;Pla del Bon Repós;32;87;2,6;1,2;400;554;750;6,4;101
2019;2;Playa de San Juan;118;102;2,4;1,7;480;906;1450;8,9;262
2019;2;Polígono de Babel;23;111;2,9;1,9;500;674;850;6,1;90
2019;2;Polígono de San Blas;26;100;3,3;1,9;500;688;850;6,8;81
2019;2;Raval Roig;6;84;2,7;1,5;450;733;1200;8,7;237
2019;2;San Agustín;5;75;2,8;1,4;400;530;600;7;68
2019;2;San Antón;6;58;1,7;1;490;559;600;9,7;49
2019;2;San Blas;52;97;2,9;1,5;450;616;800;6,3;98
2019;2;San Fernando - Princesa Mercedes;20;87;2,8;1,3;400;555;750;6,4;107
2019;2;San Gabriel;13;110;2,8;1,8;400;662;900;6;120
2019;2;San Nicolás de Bari;2;96;3;2;390;435;480;4,6;45
2019;2;Sidi Ifni - Nou Alacant;2;72;3;1;390;408;425;5,7;18
2019;2;Tómbola;3;87;3,3;1,3;450;500;550;5,8;41
2019;2;Urbanova;4;93;2,5;1,8;550;638;850;6,8;124
2019;2;Villafranqueza;5;80;2,6;1,4;400;540;800;6,7;139
2019;2;Virgen del Remedio;9;78;2,9;1,1;300;389;450;5;44
2019;2;Vistahermosa;9;113;2,4;1,8;450;800;1100;7,1;201
2019;3;Aguamarga;7;93;2,9;1,9;600;831;900;9;107
2019;3;Alipark;10;93;2,9;1,3;450;610;800;6,6;118
2019;3;Altozano;18;91;2,7;1,3;350;558;700;6,1;84
2019;3;Benalúa;57;91;2,8;1,4;380;616;1000;6,8;146
2019;3;Benisaudet;2;93;3;2;650;700;750;7,5;50
2019;3;Cabo de las Huertas;87;89;2,3;1,6;520;799;1300;9;161
2019;3;Campoamor;52;90;2,8;1,5;400;551;700;6,1;74
2019;3;Carolinas Altas;55;80;2,6;1,2;400;499;650;6,2;73
2019;3;Carolinas Bajas;58;72;2,3;1,2;400;529;725;7,3;76
2019;3;Casco Antiguo - Sta. Cruz;23;77;2,2;1,4;430;678;1200;8,8;202
2019;3;Centro Histórico - Tradicional;85;92;2,4;1,5;360;773;1300;8,4;210
2019;3;Ciudad de Asís;15;90;2,8;1,5;400;557;700;6,2;93
2019;3;Ciudad Jardín;2;90;3;1,5;400;475;550;5,3;75
2019;3;El Palmeral;10;91;2,3;1,6;450;742;1200;8,2;238
2019;3;Ensanche - Diputación;195;99;2,8;1,6;390;764;1300;7,7;185
2019;3;Florida Alta;11;86;2,8;1;425;489;700;5,7;74
2019;3;Florida Baja;10;80;2,4;1,2;400;517;700;6,5;83
2019;3;Garbinet;9;107;2,7;1,9;500;644;750;6;68
2019;3;Gran Vía - Parque Avenidas;22;122;3;1,9;590;773;950;6,4;109
2019;3;Gran Vía Sur;10;119;3;2;650;753;850;6,3;64
2019;3;Juan XXIII 1er sector;4;72;2,8;1,8;420;495;600;6,9;67
2019;3;La Albufereta;85;82;2;1,4;350;697;1100;8,5;137
2019;3;Los Ángeles;20;89;3,1;1,4;380;529;675;5,9;65
2019;3;Mercado;90;94;2,6;1,5;390;685;1000;7,3;131
2019;3;PAU I;15;108;2,8;1,9;580;815;1050;7,6;127
2019;3;PAU II;12;114;2,9;2;550;724;900;6,3;90
2019;3;Pla del Bon Repós;69;80;2,5;1,1;400;532;670;6,6;63
2019;3;Playa de San Juan;230;92;2,4;1,7;375;827;1300;9;220
2019;3;Polígono de Babel;30;116;3,1;1,8;450;706;870;6,1;108
2019;3;Polígono de San Blas;25;105;3,3;1,8;420;691;900;6,6;134
2019;3;Rabasa;5;115;3;1,8;490;608;700;5,3;83
2019;3;Raval Roig;31;89;2,6;1,4;400;675;1000;7,6;127
2019;3;San Agustín;3;102;2,7;1,7;500;583;700;5,7;85
2019;3;San Antón;12;89;2,4;1,5;395;618;800;6,9;104
2019;3;San Blas;66;87;2,9;1,3;350;610;875;7,1;118
2019;3;San Fernando - Princesa Mercedes;23;84;2,6;1,1;425;553;750;6,6;102
2019;3;San Gabriel;10;105;3,1;1,9;550;758;950;7,2;99
2019;3;Santa Faz;2;100;3;2;600;625;650;6,3;25
2019;3;Sidi Ifni - Nou Alacant;4;86;3;1,3;390;515;800;6;166
2019;3;Tómbola;2;82;2;1;550;563;575;6,9;13
2019;3;Urbanova;26;79;1,9;1,3;425;571;850;7,3;129
2019;3;Villafranqueza;15;97;3,2;1,5;419;571;750;5,9;92
2019;3;Virgen del Remedio;9;77;3,1;1,1;370;408;550;5,3;53
2019;3;Vistahermosa;12;98;2,4;1,8;500;873;1150;8,9;184
2019;4;Aguamarga;3;88;2,3;1,7;500;647;790;118,4;7
2019;4;Alipark;26;99;2,9;1,5;400;679;950;157,9;7
2019;4;Altozano;40;97;2,8;1,5;390;580;750;94,1;6
2019;4;Benalúa;57;93;2,7;1,5;380;628;900;136,8;7
2019;4;Benisaudet;9;100;2,8;1,9;475;648;800;107,9;6
2019;4;Cabo de las Huertas;58;89;2,4;1,5;450;742;1200;138,8;8
2019;4;Campoamor;46;89;2,7;1,3;420;576;750;87,6;6
2019;4;Carolinas Altas;49;80;2,6;1,2;400;519;650;64,4;7
2019;4;Carolinas Bajas;56;80;2,4;1,3;390;548;750;97,6;7
2019;4;Casco Antiguo - Sta. Cruz;40;77;1,8;1,4;440;662;1200;171,3;9
2019;4;Centro Histórico - Tradicional;75;98;2,4;1,6;400;806;1250;201,5;8
2019;4;Ciudad de Asís;20;88;2,9;1,4;450;567;680;59,8;6
2019;4;Colonia Requena;4;66;3;1;250;328;360;44,9;5
2019;4;El Palmeral;12;114;3,2;2;575;838;1200;199,7;7
2019;4;Ensanche - Diputación;161;104;2,7;1,6;450;809;1200;174,9;8
2019;4;Florida Alta;16;85;2,6;1,3;450;510;600;49,8;6
2019;4;Florida Baja;17;77;2,2;1,2;400;545;650;81,8;7
2019;4;Garbinet;2;80;2;1,5;575;663;750;87,5;8
2019;4;Gran Vía - Parque Avenidas;34;97;2,5;1,8;575;731;900;69,7;8
2019;4;Gran Vía Sur;16;107;2,7;1,8;625;718;850;75,9;7
2019;4;Juan XXIII 1er sector;10;81;2,6;1,4;320;438;600;91,2;5
2019;4;Juan XXIII 2do Sector;7;82;3,4;1,4;400;443;500;41,6;5
2019;4;La Albufereta;71;77;2;1,3;350;663;1000;155,1;9
2019;4;La Goteta;2;73;2;1;480;555;630;75;8
2019;4;Los Ángeles;38;83;2,4;1,3;375;531;700;91,8;6
2019;4;Mercado;50;99;2,7;1,4;450;697;960;126,9;7
2019;4;PAU I;13;105;2,5;1,9;600;757;890;76,8;7
2019;4;PAU II;14;108;2,5;2;550;744;890;105,5;7
2019;4;Pla del Bon Repós;58;78;2,5;1,2;400;563;700;72,7;7
2019;4;Playa de San Juan;217;90;2,2;1,6;500;833;1200;163,9;9
2019;4;Polígono de Babel;53;101;2,9;1,8;500;662;850;84,7;7
2019;4;Polígono de San Blas;28;98;2,9;1,7;425;651;850;117,4;7
2019;4;Raval Roig;13;93;2,5;1,5;600;748;900;79,7;8
2019;4;San Agustín;5;102;2,6;1,6;470;598;750;127,5;6
2019;4;San Antón;24;75;2,1;1,2;390;564;760;103,9;7
2019;4;San Blas;62;83;2,6;1,4;420;581;800;94,1;7
2019;4;San Evaristo - La Paz;2;71;2,5;1,5;320;398;475;77,5;6
2019;4;San Fernando - Princesa Mercedes;23;77;2,7;1,1;390;494;650;60,2;6
2019;4;San Gabriel;12;90;2,3;1,4;400;606;850;122,5;7
2019;4;Sidi Ifni - Nou Alacant;6;78;3;1,2;440;523;650;76,7;7
2019;4;Tómbola;5;76;2,6;1,2;370;464;550;59,9;6
2019;4;Urbanova;13;83;2;1,4;400;570;750;98,8;7
2019;4;Villafranqueza;9;76;2,7;1,3;400;492;600;78;6
2019;4;Virgen del Remedio;11;82;2,5;1,2;300;405;550;69,1;5
2019;4;Vistahermosa;22;106;2,4;1,5;450;788;1350;281,2;7
2020;1;Aguamarga;6;110;2,8;1,8;500;683;900;165;6
2020;1;Alipark;12;89;2,9;1,5;410;622;750;88;7
2020;1;Altozano;15;80;2,5;1,3;430;549;650;64,1;7
2020;1;Benalúa;61;94;2,6;1,6;400;607;850;115,3;6
2020;1;Benisaudet;2;103;3;2;600;675;750;75;7
2020;1;Cabo de las Huertas;86;85;2;1,4;500;768;1150;148,4;9
2020;1;Campoamor;32;90;2,7;1,4;450;586;790;87,5;6
2020;1;Carolinas Altas;46;86;2,5;1,2;400;546;700;91,2;6
2020;1;Carolinas Bajas;36;71;2,1;1,1;380;519;680;74;7
2020;1;Casco Antiguo - Sta. Cruz;25;65;1,8;1,2;450;636;1100;160,1;10
2020;1;Centro Histórico - Tradicional;105;90;2,2;1,5;390;752;1200;166,8;8
2020;1;Ciudad de Asís;12;98;2,7;1,2;400;526;615;56,8;5
2020;1;El Palmeral;4;113;2,8;2;550;638;800;96;6
2020;1;Ensanche - Diputación;114;103;2,8;1,6;450;806;1200;167,6;8
2020;1;Florida Alta;19;84;2,5;1,2;415;479;560;45,3;6
2020;1;Florida Baja;16;92;2,8;1,6;475;578;650;71,7;6
2020;1;Garbinet;7;90;2,3;1,4;420;631;850;125,6;7
2020;1;Gran Vía - Parque Avenidas;46;98;2,6;1,9;600;739;890;60;8
2020;1;Gran Vía Sur;16;116;2,8;1,9;600;700;775;57,3;6
2020;1;Juan XXIII 1er sector;6;83;2,5;1;450;550;600;57,7;7
2020;1;La Albufereta;51;75;1,8;1,4;350;630;990;160,7;8
2020;1;Los Ángeles;27;85;2,7;1,5;350;561;700;107,1;7
2020;1;Mercado;55;92;2,6;1,5;450;693;900;123,5;8
2020;1;Montoto;3;80;2,3;1;380;500;560;84,9;6
2020;1;PAU I;13;142;3,3;2;775;855;1000;94,2;6
2020;1;PAU II;12;108;2,8;1,9;453;763;1100;195,5;7
2020;1;Pla del Bon Repós;56;75;2,4;1,2;345;536;700;82,9;7
2020;1;Playa de San Juan;172;91;2,1;1,6;450;819;1200;178,7;9
2020;1;Polígono de Babel;31;105;2,8;1,7;530;687;800;65,7;7
2020;1;Polígono de San Blas;15;96;2,7;1,7;375;626;950;179,3;7
2020;1;Raval Roig;17;78;2,2;1,4;550;701;900;115,7;9
2020;1;San Agustín;6;122;3;1,8;525;679;750;100,4;6
2020;1;San Antón;15;60;1,5;1,1;380;563;750;104,1;9
2020;1;San Blas;49;88;2,7;1,5;495;641;850;88,2;7
2020;1;San Fernando - Princesa Mercedes;22;83;2,6;1,2;380;540;750;99,7;6
2020;1;San Gabriel;12;86;2,5;1,2;525;545;600;19,9;6
2020;1;Sidi Ifni - Nou Alacant;7;82;2,6;1,1;410;469;550;55,1;6
2020;1;Tómbola;5;110;3,2;1,8;480;606;700;85,7;6
2020;1;Urbanova;5;81;2;1,2;600;640;650;20;8
2020;1;Villafranqueza;18;89;2,9;1,8;405;535;600;43;6
2020;1;Virgen del Remedio;20;81;2,9;1,1;380;417;450;24,1;5
2020;1;Vistahermosa;13;115;2,8;2;480;866;1300;236,4;8
2020;2;Aguamarga;4;61;1,3;1;400;825;1000;248,7;13
2020;2;Alipark;17;97;2,6;1,5;450;612;950;123,1;6
2020;2;Altozano;23;95;3;1,4;395;568;750;81,9;6
2020;2;Benalúa;53;97;2,7;1,5;400;586;850;129,1;6
2020;2;Benisaudet;6;114;2,5;1,8;550;750;895;118,2;7
2020;2;Cabo de las Huertas;52;100;2,4;1,6;450;863;1200;195,7;9
2020;2;Campoamor;28;83;2,3;1,2;430;543;695;72,4;7
2020;2;Carolinas Altas;27;85;2,4;1,2;430;526;630;51;6
2020;2;Carolinas Bajas;33;73;2,1;1,1;430;537;690;67,8;7
2020;2;Casco Antiguo - Sta. Cruz;23;80;1,9;1,5;350;669;1200;217;8
2020;2;Centro Histórico - Tradicional;92;88;2,3;1,5;340;747;1200;204,3;8
2020;2;Ciudad de Asís;11;88;2,6;1,5;450;535;650;70,5;6
2020;2;Colonia Requena;4;78;2,8;1;350;390;475;49,9;5
2020;2;Ensanche - Diputación;112;97;2,6;1,6;450;741;1100;155,5;8
2020;2;Florida Alta;14;90;2,6;1,1;400;510;630;64,2;6
2020;2;Florida Baja;7;95;2,7;1,7;470;583;680;70,6;6
2020;2;Garbinet;5;85;2,4;2;650;720;750;40;8
2020;2;Gran Vía - Parque Avenidas;18;100;2,6;1,9;500;729;850;84,3;7
2020;2;Gran Vía Sur;12;116;3,2;2;650;703;800;45,3;6
2020;2;La Albufereta;26;87;2,3;1,5;450;724;1000;145,6;8
2020;2;La Goteta;4;72;2,3;1;550;573;580;13;8
2020;2;Los Ángeles;17;98;2,8;1,6;375;553;770;112,8;6
2020;2;Mercado;68;96;2,4;1,5;450;732;1050;146,9;8
2020;2;PAU I;9;105;2,3;1,9;550;694;850;107,9;7
2020;2;PAU II;6;110;2,5;2;700;733;800;36,9;7
2020;2;Pla del Bon Repós;44;79;2,7;1,1;375;517;680;68,3;7
2020;2;Playa de San Juan;97;89;2,3;1,6;500;827;1400;212,3;9
2020;2;Polígono de Babel;21;99;2,7;1,7;450;673;900;122,7;7
2020;2;Polígono de San Blas;10;101;2,8;1,8;450;618;800;113,3;6
2020;2;Raval Roig;24;102;2,8;1,6;570;767;1000;107;8
2020;2;San Antón;16;70;1,9;1,1;360;571;700;100,9;8
2020;2;San Blas;54;82;2,5;1,3;430;614;850;97,6;7
2020;2;San Fernando - Princesa Mercedes;12;77;2,3;1,2;400;507;680;89,8;7
2020;2;San Gabriel;5;100;2,6;1,6;525;581;670;49;6
2020;2;Santa Faz;6;83;1,8;1,8;480;637;700;78,7;8
2020;2;Sidi Ifni - Nou Alacant;5;91;2,6;1,2;490;578;700;77;6
2020;2;Tómbola;6;95;2,8;1,3;475;543;640;56,6;6
2020;2;Urbanova;5;72;2;1,2;450;650;800;122,5;9
2020;2;Villafranqueza;15;81;2,8;1,9;400;540;625;55;7
2020;2;Virgen del Remedio;4;79;3;1;340;410;450;45,3;5
2020;2;Vistahermosa;9;94;2,2;1,6;500;717;850;113;8
2020;3;Juan XXIII 2do Sector;2;100;4;2;360;380;400;20;4
2020;3;Colonia Requena;2;67;3;1;380;390;400;10;6
2020;3;Virgen del Remedio;12;79;2,8;1,1;280;402;500;53,5;7
2020;3;Sidi Ifni - Nou Alacant;5;70;2,2;1;350;420;500;51;6
2020;3;San Agustín;5;70;2;1,4;380;436;500;42,2;6
2020;3;Ciudad de Asís;7;80;2,3;1,4;400;464;550;46,9;6
2020;3;Divina Pastora;2;80;3;1;400;485;570;85;6
2020;3;Florida Baja;11;71;2,1;1,1;450;492;650;59,4;7
2020;3;Florida Alta;4;82;2,8;1,3;400;505;600;71,7;6
2020;3;Montoto;2;80;2,5;1;450;513;575;62,5;6
2020;3;La Goteta;4;74;2;1;450;520;580;49,5;7
2020;3;Villafranqueza;10;85;3;1,9;450;532;600;45,9;6
2020;3;Los Ángeles;19;91;3;1,5;375;532;700;89,7;6
2020;3;Carolinas Altas;40;80;2,4;1,2;420;540;730;82,5;7
2020;3;San Fernando - Princesa Mercedes;10;84;2,5;1,4;440;544;680;96,3;6
2020;3;Carolinas Bajas;32;74;2,1;1,2;380;555;750;97,2;7
2020;3;Campoamor;37;84;2,5;1,4;400;557;750;92,4;7
2020;3;Altozano;24;90;2,7;1,5;400;564;775;103,5;6
2020;3;Pla del Bon Repós;30;79;2,5;1,3;425;571;700;83,4;7
2020;3;Tómbola;8;81;2,3;1,5;450;575;690;78,7;7
2020;3;San Gabriel;6;95;2,8;1,7;500;576;680;56;6
2020;3;San Blas;55;85;2,5;1,4;425;589;800;88,2;7
2020;3;Benisaudet;2;98;3;2;600;625;650;25;6
2020;3;Raval Roig;6;78;2,4;1,4;550;632;700;46,7;8
2020;3;Benalúa;38;87;2,4;1,4;400;634;1000;147,2;7
2020;3;San Antón;25;83;2,3;1,6;425;639;900;128,2;8
2020;3;Polígono de San Blas;11;98;2,8;1,8;450;655;750;76;7
2020;3;Alipark;10;94;2,8;1,6;500;670;800;87,2;7
2020;3;Casco Antiguo - Sta. Cruz;34;79;1,8;1,3;390;679;1200;229,2;9
2020;3;Mercado;63;90;2,5;1,6;400;692;1100;140,7;8
2020;3;Vistahermosa;14;95;2,4;1,5;500;693;1100;185;11
2020;3;La Albufereta;32;76;1,8;1,3;370;698;950;147;9
2020;3;Gran Vía - Parque Avenidas;29;99;2,7;1,8;550;712;960;88,7;7
2020;3;Polígono de Babel;13;115;3,2;1,8;580;717;900;96,8;6
2020;3;Santa Faz;3;114;3;2;650;733;900;117,9;6
2020;3;El Palmeral;3;113;3,3;2;690;747;850;73,2;7
2020;3;Ensanche - Diputación;111;98;2,6;1,6;445;751;1100;141,5;8
2020;3;Gran Vía Sur;8;117;3,3;2;600;759;900;82,9;7
2020;3;Centro Histórico - Tradicional;80;91;2,4;1,6;480;765;1100;133;8
2020;3;PAU II;5;132;3;2;675;785;950;102;6
2020;3;PAU I;9;110;2,9;2;730;787;800;25,4;7
2020;3;Cabo de las Huertas;54;90;2,2;1,6;440;800;1200;188,6;9
2020;3;Playa de San Juan;156;91;2,3;1,7;440;817;1250;201;9
2020;3;Urbanova;2;87;2;1;650;975;1300;325;6
2020;4;Colonia Requena;4;71;2,8;1;300;355;400;38,4;5
2020;4;Juan XXIII 2do Sector;5;83;3;1;300;396;450;55,4;5
2020;4;Ciudad de Asís;7;84;2;1;325;428;500;50,8;5
2020;4;Virgen del Remedio;9;87;2,9;1,6;390;436;490;32,1;5
2020;4;Tómbola;4;64;1,8;1;380;455;500;47,2;7
2020;4;Juan XXIII 1er sector;4;84;3,3;1;400;485;600;75,3;6
2020;4;San Fernando - Princesa Mercedes;15;77;2,5;1,3;450;496;600;46,8;6
2020;4;Florida Alta;7;81;2,7;1,1;440;497;600;56,2;6
2020;4;Sidi Ifni - Nou Alacant;3;83;2,7;1;390;507;580;83,4;6
2020;4;Carolinas Altas;31;79;2,5;1,4;400;508;680;58,9;6
2020;4;Los Ángeles;14;90;2,9;1,2;390;509;600;72,7;6
2020;4;Carolinas Bajas;55;83;2,3;1,2;350;525;650;60;6
2020;4;Florida Baja;12;99;2,6;1,3;435;526;650;77,7;5
2020;4;Campoamor;39;94;2,8;1,4;400;549;650;77,2;6
2020;4;Pla del Bon Repós;40;76;2,4;1,2;420;550;700;68,4;7
2020;4;Villafranqueza;7;92;2,7;1,7;450;554;650;75,4;6
2020;4;Benalúa;28;86;2,5;1,3;400;556;750;88,8;6
2020;4;San Antón;9;75;1,9;1,4;400;572;800;120,4;8
2020;4;San Gabriel;3;83;3;1,3;570;580;600;14,1;7
2020;4;San Blas;53;86;2,4;1,5;400;595;800;88,2;7
2020;4;Altozano;30;100;2,9;1,5;420;606;770;94,9;6
2020;4;Casco Antiguo - Sta. Cruz;30;70;1,8;1,4;375;616;850;128,4;9
2020;4;Garbinet;6;94;2,7;1,8;520;618;750;80,3;7
2020;4;El Palmeral;5;100;2,8;1,6;450;624;700;98,1;6
2020;4;Aguamarga;2;75;2;2;550;625;700;75;8
2020;4;Raval Roig;18;81;2,2;1,2;425;631;950;153,8;8
2020;4;Polígono de Babel;14;101;2,9;1,7;500;633;725;63,7;6
2020;4;Alipark;5;103;2,4;1,2;550;637;790;87,5;6
2020;4;Polígono de San Blas;6;100;3,5;1,7;500;654;875;129,9;7
2020;4;Mercado;49;87;2,3;1,5;460;663;900;125,4;8
2020;4;Gran Vía - Parque Avenidas;16;107;2,9;2,1;450;668;800;85,2;6
2020;4;Vistahermosa;6;87;2,2;1,2;550;675;850;106,9;8
2020;4;La Albufereta;52;82;2,1;1,5;425;678;900;129,9;8
2020;4;Benisaudet;4;118;2,5;1,5;550;696;835;100,8;6
2020;4;PAU I;6;91;2,3;2;600;700;850;91,3;8
2020;4;PAU II;5;128;2,4;2;675;705;750;36,7;6
2020;4;Gran Vía Sur;7;105;2,6;2;650;721;900;87,1;7
2020;4;Centro Histórico - Tradicional;90;93;2,4;1,6;400;736;1250;193,4;8
2020;4;Ensanche - Diputación;115;98;2,7;1,7;430;738;1150;147,8;8
2020;4;Playa de San Juan;161;93;2,3;1,7;400;825;1300;202,8;9
2020;4;Cabo de las Huertas;21;96;2,5;1,6;590;845;1275;191,4;9
